40 56511
80 56544
120 56591
160 56640
200 56638
240 56626
280 56596
320 56550
360 56502
400 56458
440 56412
480 56376
0 55981
40 56129
80 56054
120 56033
160 56025
200 56023
240 56019
280 56024
320 56017
360 56018
400 56020
440 56017
480 56018
520 56024
560 56018
600 56021
640 56020
680 56021
720 56019
760 56020
800 56018
840 56019
0 55981
40 55981
80 55981
120 55981
160 55981
200 55981
240 55981
0 55981
40 55982
80 55982
120 55982
160 55981
200 55981
240 55981
280 55981
320 55981
360 55981
400 55981
440 55981
480 55980
520 55980
560 55980
600 55980
640 55980
680 55980
720 55980
760 55980
800 55980
840 55979
880 55979
920 55979
960 55979
1000 55979
1040 55979
1080 55979
1120 55979
1160 55979
1200 55978
1240 55979
1280 55978
1320 55978
1360 55978
1400 55981
1440 55978
1480 55978
1520 55978
1560 55978
1600 55978
1640 55978
1680 55978
1720 55977
1760 55978
1800 55977
1840 55977
1880 55977
1920 55977
1960 55977
2000 55977
2040 55977
2080 55977
2120 55977
2160 55977
2200 55977
2240 55977
2280 55976
2320 55976
2360 55976
2400 55976
2440 55978
2480 55976
2520 55976
2560 55976
2600 55976
2640 55976
2680 55976
2720 55976
2760 55980
2800 55977
2840 55976
2880 55976
2920 55975
2960 55976
3000 55976
3040 55976
3080 55975
3120 55975
3160 55975
3200 55975
3240 55975
3280 55975
3320 55975
3360 55977
3400 55975
3440 55975
3480 55975
3520 55975
3560 55975
3600 55975
3640 55975
3680 55975
3720 55975
3760 55975
3800 55975
3840 55975
3880 55975
3920 55974
3960 55974
4000 55974
4040 55974
4080 55974
4120 55974
4160 55974
4200 55974
4240 55974
4280 55974
4320 55974
4360 55974
4400 55974
4440 55975
4480 55974
4520 55974
4560 55974
4600 55974
4640 55974
4680 55975
4720 55974
4760 55974
4800 55974
4840 55974
4880 55974
4920 55974
4960 55973
5000 55974
5040 55973
5080 55973
5120 55973
5160 55973
5200 55973
5240 55973
5280 55973
5320 55973
5360 55973
5400 55973
5440 55973
5480 55973
5520 55973
5560 55973
5600 55973
5640 55973
5680 55973
5720 55973
5760 55973
5800 55973
5840 55973
5880 55973
5920 55973
5960 55973
6000 55973
6040 55973
6080 55973
6120 55973
6160 55973
6200 55973
6240 55972
6280 55973
6320 55972
6360 55973
6400 55973
6440 55972
6480 55972
6520 55972
6560 55972
6600 55972
6640 55972
6680 55972
6720 55972
6760 55974
6800 55972
6840 55972
6880 55972
6920 55972
6960 55972
7000 55972
7040 55972
7080 55972
7120 55972
7160 55973
7200 55972
7240 55972
7280 55972
7320 55972
7360 55972
7400 55972
7440 55972
7480 55972
7520 55972
7560 55972
7600 55971
7640 55972
7680 55972
7720 55971
7760 55972
7800 55972
7840 55972
7880 55973
7920 55971
7960 55973
8000 55971
8040 55971
8080 55972
8120 55971
8160 55971
8200 55971
8240 55973
8280 55971
8320 55971
8360 55971
8400 55971
8440 55971
8480 55971
8520 55971
8560 55971
8600 55971
8640 55971
8680 55971
8720 55972
8760 55971
8800 55971
8840 55971
8880 55971
8920 55971
8960 55971
9000 55971
9040 55971
9080 55971
9120 55971
9160 55971
9200 55971
9240 55971
9280 55971
9320 55971
9360 55971
9400 55972
9440 55971
9480 55971
9520 55971
9560 55970
9600 55971
9640 55970
9680 55970
9720 55970
9760 55971
9800 55970
9840 55970
9880 55971
9920 55970
9960 55970
10000 55970
10040 55970
10080 55970
10120 55970
10160 55970
10200 55970
10240 55971
10280 55970
10320 55970
10360 55970
10400 55970
10440 55971
10480 55970
10520 55971
10560 55970
10600 55970
10640 55970
10680 55970
10720 55970
10760 55970
10800 55970
10840 55970
10880 55970
10920 55970
10960 55970
11000 55970
11040 55970
11080 55970
11120 55970
11160 55970
11200 55970
11240 55970
11280 55970
11320 55970
11360 55970
11400 55970
11440 55970
11480 55970
11520 55970
11560 55970
11600 55971
11640 55970
11680 55970
11720 55970
11760 55970
11800 55969
11840 55970
11880 55970
11920 55969
11960 55971
12000 55970
12040 55970
12080 55970
12120 55970
12160 55970
12200 55969
12240 55969
12280 55969
12320 55970
12360 55970
12400 55969
12440 55969
12480 55969
12520 55970
12560 55969
12600 55969
12640 55970
12680 55970
12720 55969
12760 55969
12800 55969
12840 55969
12880 55969
12920 55969
12960 55969
13000 55969
13040 55969
13080 55969
13120 55969
13160 55969
13200 55970
13240 55969
13280 55969
13320 55969
13360 55969
13400 55969
13440 55969
13480 55971
13520 55969
13560 55970
13600 55969
13640 55969
13680 55969
13720 55969
13760 55969
13800 55969
13840 55969
13880 55969
13920 55969
13960 55970
14000 55969
14040 55969
14080 55969
14120 55969
14160 55969
14200 55969
14240 55970
14280 55969
14320 55969
14360 55969
14400 55969
14440 55969
14480 55969
14520 55969
14560 55969
14600 55969
14640 55969
14680 55969
14720 55969
14760 55969
14800 55968
14840 55968
14880 55969
14920 55968
14960 55969
15000 55968
15040 55969
15080 55968
15120 55968
15160 55969
15200 55968
15240 55968
15280 55968
15320 55970
15360 55968
15400 55968
15440 55968
15480 55968
15520 55968
15560 55969
15600 55968
15640 55968
15680 55970
15720 55968
15760 55968
15800 55968
15840 55968
15880 55968
15920 55968
15960 55968
16000 55968
16040 55969
16080 55968
16120 55968
16160 55968
16200 55968
16240 55968
16280 55970
16320 55968
16360 55968
16400 55969
16440 55968
16480 55968
16520 55968
16560 55968
16600 55968
16640 55968
16680 55968
16720 55968
16760 55969
16800 55968
16840 55968
16880 55968
16920 55968
16960 55968
17000 55968
17040 55968
17080 55968
17120 55969
17160 55968
17200 55968
17240 55968
17280 55968
17320 55968
17360 55968
17400 55968
17440 55971
17480 55968
17520 55968
17560 55968
17600 55968
17640 55968
17680 55968
17720 55968
17760 55968
17800 55968
17840 55968
17880 55968
17920 55968
17960 55968
18000 55968
18040 55967
18080 55968
18120 55968
18160 55968
18200 55967
18240 55968
18280 55968
18320 55968
18360 55967
18400 55967
18440 55967
18480 55968
18520 55968
18560 55967
18600 55967
18640 55967
18680 55968
18720 55967
18760 55967
18800 55969
18840 55967
18880 55967
18920 55968
18960 55967
19000 55967
19040 55968
19080 55968
19120 55967
19160 55967
19200 55967
19240 55968
19280 55967
19320 55967
19360 55968
19400 55967
19440 55967
19480 55967
19520 55967
19560 55967
19600 55967
19640 55967
19680 55967
19720 55967
19760 55967
19800 55967
19840 55967
19880 55967
19920 55967
19960 55967
20000 55967
20040 55967
20080 55967
20120 55967
20160 55967
20200 55967
20240 55967
20280 55967
20320 55968
20360 55967
20400 55967
20440 55967
20480 55967
20520 55967
20560 55967
20600 55967
20640 55967
20680 55967
20720 55967
20760 55967
20800 55967
20840 55967
20880 55967
20920 55968
20960 55967
21000 55967
21040 55967
21080 55967
21120 55967
21160 55967
21200 55967
21240 55967
21280 55967
21320 55967
21360 55967
21400 55967
21440 55967
21480 55967
21520 55967
21560 55967
21600 55967
21640 55967
21680 55967
21720 55967
21760 55967
21800 55967
21840 55966
21880 55967
21920 55967
21960 55967
22000 55966
22040 55967
22080 55967
22120 55966
22160 55966
22200 55967
22240 55966
22280 55966
22320 55967
22360 55967
22400 55966
22440 55967
22480 55966
22520 55967
22560 55966
22600 55966
22640 55966
22680 55967
22720 55966
22760 55966
22800 55969
22840 55967
22880 55966
22920 55966
22960 55966
23000 55967
23040 55966
23080 55966
23120 55966
23160 55966
23200 55966
23240 55966
23280 55966
23320 55966
23360 55966
23400 55966
23440 55967
23480 55966
23520 55966
23560 55967
23600 55966
23640 55966
23680 55966
23720 55966
23760 55966
23800 55966
23840 55966
23880 55967
23920 55967
23960 55966
24000 55966
24040 55966
24080 55966
24120 55966
24160 55967
24200 55966
24240 55966
24280 55966
24320 55966
24360 55966
24400 55966
24440 55966
24480 55966
24520 55966
24560 55966
24600 55966
24640 55966
24680 55966
24720 55966
24760 55966
24800 55966
24840 55966
24880 55966
24920 55967
24960 55966
25000 55966
25040 55966
25080 55966
25120 55966
25160 55966
25200 55966
25240 55966
25280 55966
25320 55966
25360 55966
25400 55966
25440 55966
25480 55966
25520 55966
25560 55966
25600 55966
25640 55966
25680 55966
25720 55966
25760 55966
25800 55966
25840 55966
25880 55966
25920 55967
25960 55966
26000 55966
26040 55966
26080 55966
26120 55966
26160 55965
26200 55966
26240 55966
26280 55965
26320 55966
26360 55966
26400 55966
26440 55966
26480 55967
26520 55965
26560 55966
26600 55966
26640 55965
26680 55965
26720 55968
26760 55966
26800 55966
26840 55966
26880 55966
26920 55965
26960 55965
27000 55965
27040 55966
27080 55965
27120 55966
27160 55966
27200 55965
27240 55965
27280 55966
27320 55970
27360 55966
27400 55965
27440 55965
27480 55965
27520 55966
27560 55965
27600 55965
27640 55965
27680 55966
27720 55965
27760 55965
27800 55966
27840 55965
27880 55966
27920 55965
27960 55965
28000 55965
28040 55965
28080 55967
28120 55965
28160 55965
28200 55965
28240 55965
28280 55966
28320 55965
28360 55965
28400 55965
28440 55965
28480 55965
28520 55965
28560 55965
28600 55965
28640 55965
28680 55965
28720 55965
28760 55965
28800 55965
28840 55965
28880 55965
28920 55965
28960 55965
29000 55965
29040 55966
29080 55965
29120 55965
29160 55965
29200 55966
29240 55965
29280 55965
29320 55965
29360 55966
29400 55965
29440 55965
29480 55965
29520 55965
29560 55965
29600 55965
29640 55967
29680 55965
29720 55965
29760 55965
29800 55965
29840 55965
29880 55965
29920 55965
29960 55965
30000 55965
30040 55965
30080 55965
30120 55966
30160 55966
30200 55966
30240 55965
30280 55965
30320 55965
30360 55965
30400 55965
30440 55965
30480 55965
30520 55965
30560 55966
30600 55965
30640 55965
30680 55965
30720 55965
30760 55965
30800 55965
30840 55965
30880 55965
30920 55965
30960 55965
31000 55966
31040 55965
31080 55965
31120 55965
31160 55966
31200 55965
31240 55965
31280 55965
31320 55965
31360 55965
31400 55965
31440 55965
31480 55965
31520 55965
31560 55964
31600 55966
31640 55965
31680 55965
31720 55965
31760 55964
31800 55965
31840 55964
31880 55966
31920 55965
31960 55965
32000 55964
32040 55965
32080 55965
32120 55965
32160 55965
32200 55964
32240 55965
32280 55965
32320 55965
32360 55964
32400 55964
32440 55965
32480 55965
32520 55964
32560 55964
32600 55964
32640 55965
32680 55965
32720 55964
32760 55965
32800 55965
32840 55964
32880 55964
32920 55964
32960 55965
33000 55965
33040 55965
33080 55964
33120 55964
33160 55964
33200 55964
33240 55966
33280 55964
33320 55965
33360 55964
33400 55964
33440 55964
33480 55964
33520 55966
33560 55964
33600 55964
33640 55965
33680 55964
33720 55964
33760 55964
33800 55964
33840 55964
33880 55964
33920 55964
33960 55966
34000 55965
34040 55964
34080 55964
34120 55964
34160 55964
34200 55964
34240 55964
34280 55964
34320 55966
34360 55964
34400 55964
34440 55964
34480 55965
34520 55964
34560 55964
34600 55966
34640 55964
34680 55964
34720 55964
34760 55964
34800 55964
34840 55964
34880 55966
34920 55964
34960 55964
35000 55964
35040 55964
35080 55964
35120 55964
35160 55964
35200 55965
35240 55964
35280 55964
35320 55964
35360 55964
35400 55964
35440 55964
35480 55964
35520 55965
35560 55964
35600 55964
35640 55964
35680 55964
35720 55965
35760 55964
35800 55964
35840 55964
35880 55965
35920 55964
35960 55964
36000 55964
36040 55964
36080 55964
36120 55964
36160 55965
36200 55964
36240 55964
36280 55964
36320 55964
36360 55964
36400 55964
36440 55964
36480 55964
36520 55964
36560 55964
36600 55964
36640 55965
36680 55964
36720 55964
36760 55964
36800 55965
36840 55964
36880 55964
36920 55964
36960 55964
37000 55964
37040 55965
37080 55964
37120 55964
37160 55964
37200 55964
37240 55964
37280 55964
37320 55964
37360 55963
37400 55964
37440 55964
37480 55964
37520 55964
37560 55964
37600 55964
37640 55964
37680 55964
37720 55964
37760 55964
37800 55963
37840 55964
37880 55964
37920 55964
37960 55964
38000 55963
38040 55964
38080 55963
38120 55964
38160 55964
38200 55964
38240 55964
38280 55964
38320 55964
38360 55964
38400 55964
38440 55963
38480 55964
38520 55963
38560 55963
38600 55964
38640 55964
38680 55963
38720 55963
38760 55963
38800 55964
38840 55964
38880 55964
38920 55963
38960 55963
39000 55963
39040 55963
39080 55964
39120 55963
39160 55963
39200 55963
39240 55964
39280 55964
39320 55963
39360 55963
39400 55963
39440 55963
39480 55964
39520 55963
39560 55963
39600 55964
39640 55964
39680 55963
39720 55963
39760 55963
39800 55964
39840 55964
39880 55963
39920 55964
39960 55963
40000 55964
40040 55963
40080 55963
40120 55963
40160 55963
40200 55963
40240 55964
40280 55963
40320 55964
40360 55963
40400 55963
40440 55964
40480 55963
40520 55963
40560 55963
40600 55963
40640 55963
40680 55964
40720 55963
40760 55964
40800 55963
40840 55963
40880 55964
40920 55963
40960 55963
41000 55963
41040 55963
41080 55963
41120 55963
41160 55963
41200 55963
41240 55963
41280 55963
41320 55963
41360 55963
41400 55963
41440 55963
41480 55963
41520 55964
41560 55963
41600 55963
41640 55963
41680 55963
41720 55963
41760 55964
41800 55963
41840 55963
41880 55963
41920 55963
41960 55963
42000 55963
42040 55963
42080 55963
42120 55963
42160 55963
42200 55963
42240 55963
42280 55963
42320 55964
42360 55963
42400 55963
42440 55963
42480 55963
42520 55963
42560 55963
42600 55963
42640 55963
42680 55963
42720 55963
42760 55963
42800 55963
42840 55963
42880 55964
42920 55963
42960 55963
43000 55963
43040 55963
43080 55963
43120 55963
43160 55963
43200 55963
43240 55963
43280 55963
43320 55963
43360 55963
43400 55963
43440 55963
43480 55963
43520 55963
43560 55963
43600 55963
43640 55963
43680 55964
43720 55963
43760 55963
43800 55963
43840 55963
43880 55963
43920 55963
43960 55964
44000 55963
44040 55963
44080 55962
44120 55962
44160 55963
44200 55963
44240 55963
44280 55963
44320 55963
44360 55963
44400 55963
44440 55963
44480 55964
44520 55963
44560 55962
44600 55962
44640 55963
44680 55963
44720 55962
44760 55963
44800 55963
44840 55963
44880 55963
44920 55963
44960 55965
45000 55963
45040 55963
45080 55964
45120 55963
45160 55963
45200 55963
45240 55962
45280 55963
45320 55963
45360 55963
45400 55962
45440 55963
45480 55963
45520 55963
45560 55962
45600 55963
45640 55962
45680 55963
45720 55962
45760 55963
45800 55963
45840 55963
45880 55963
45920 55962
45960 55963
46000 55963
46040 55963
46080 55963
46120 55962
46160 55962
46200 55962
46240 55963
46280 55963
46320 55962
46360 55962
46400 55962
46440 55962
46480 55963
46520 55963
46560 55963
46600 55962
46640 55962
46680 55962
46720 55963
46760 55963
46800 55963
46840 55962
46880 55962
46920 55962
46960 55963
47000 55963
47040 55962
47080 55962
47120 55962
47160 55962
47200 55962
47240 55962
47280 55963
47320 55962
47360 55962
47400 55964
47440 55962
47480 55963
47520 55963
47560 55962
47600 55962
47640 55962
47680 55963
47720 55963
47760 55962
47800 55963
47840 55962
47880 55962
47920 55962
47960 55962
48000 55962
48040 55962
48080 55962
48120 55962
48160 55964
48200 55962
48240 55962
48280 55962
48320 55962
48360 55962
48400 55962
48440 55962
48480 55962
48520 55962
48560 55962
48600 55962
48640 55962
48680 55962
48720 55962
48760 55963
48800 55962
48840 55962
48880 55962
48920 55963
48960 55962
49000 55962
49040 55963
49080 55963
49120 55962
49160 55962
49200 55962
49240 55962
49280 55962
49320 55962
49360 55962
49400 55962
49440 55962
49480 55962
49520 55962
49560 55963
49600 55963
49640 55962
49680 55962
49720 55962
49760 55962
49800 55962
49840 55963
49880 55962
49920 55962
49960 55962
50000 55962
50040 55962
50080 55962
50120 55962
50160 55963
50200 55962
50240 55962
50280 55962
50320 55962
50360 55962
50400 55962
50440 55962
50480 55962
50520 55962
50560 55962
50600 55962
50640 55962
50680 55963
50720 55962
50760 55962
50800 55962
50840 55962
50880 55962
50920 55962
50960 55962
51000 55962
51040 55962
51080 55962
51120 55962
51160 55962
51200 55962
51240 55962
51280 55962
51320 55962
51360 55962
51400 55962
51440 55962
51480 55962
51520 55962
51560 55961
51600 55962
51640 55962
51680 55963
51720 55962
51760 55962
51800 55962
51840 55962
51880 55962
51920 55962
51960 55962
52000 55962
52040 55962
52080 55962
52120 55962
52160 55962
52200 55962
52240 55962
52280 55962
52320 55962
52360 55962
52400 55961
52440 55962
52480 55962
52520 55962
52560 55962
52600 55962
52640 55961
52680 55962
52720 55962
52760 55962
52800 55962
52840 55961
52880 55962
52920 55962
52960 55961
53000 55961
53040 55962
53080 55962
53120 55962
53160 55961
53200 55961
53240 55962
53280 55962
53320 55961
53360 55961
53400 55961
53440 55962
53480 55963
53520 55962
53560 55961
53600 55961
53640 55961
53680 55962
53720 55962
53760 55962
53800 55962
53840 55961
53880 55961
53920 55961
53960 55962
54000 55962
54040 55962
54080 55961
54120 55961
54160 55961
54200 55962
54240 55961
54280 55961
54320 55962
54360 55962
54400 55961
54440 55962
54480 55961
54520 55962
54560 55961
54600 55961
54640 55962
54680 55961
54720 55961
54760 55961
54800 55961
54840 55961
54880 55961
54920 55962
54960 55961
55000 55961
55040 55962
55080 55961
55120 55964
55160 55961
55200 55961
55240 55961
55280 55962
55320 55961
55360 55961
55400 55961
55440 55962
55480 55961
55520 55961
55560 55961
55600 55961
55640 55961
55680 55961
55720 55961
55760 55962
55800 55962
55840 55961
55880 55961
55920 55961
55960 55961
56000 55961
56040 55962
56080 55962
56120 55961
56160 55961
56200 55961
56240 55961
56280 55961
56320 55961
56360 55961
56400 55962
56440 55962
56480 55962
56520 55961
56560 55961
56600 55961
56640 55962
56680 55961
56720 55961
56760 55962
56800 55961
56840 55961
56880 55961
56920 55961
56960 55961
57000 55961
57040 55961
57080 55961
57120 55961
57160 55961
57200 55961
57240 55961
57280 55961
57320 55961
57360 55961
57400 55963
57440 55962
57480 55961
57520 55961
57560 55961
57600 55961
57640 55961
57680 55961
57720 55961
57760 55961
57800 55961
57840 55961
57880 55961
57920 55961
57960 55961
58000 55961
58040 55961
58080 55961
58120 55961
58160 55961
58200 55962
58240 55961
58280 55961
58320 55961
58360 55961
58400 55961
58440 55961
58480 55961
58520 55961
58560 55961
58600 55961
58640 55961
58680 55961
58720 55963
58760 55961
58800 55961
58840 55961
58880 55961
58920 55962
58960 55961
59000 55961
59040 55961
59080 55961
59120 55961
59160 55961
59200 55961
59240 55961
59280 55961
59320 55961
59360 55961
59400 55961
59440 55961
59480 55961
59520 55961
59560 55961
59600 55960
59640 55962
59680 55961
59720 55961
59760 55960
59800 55961
59840 55961
59880 55961
59920 55961
59960 55961
60000 55961
60040 55960
60080 55962
60120 55961
60160 55961
60200 55961
60240 55961
60280 55961
60320 55961
60360 55961
60400 55962
60440 55961
60480 55960
60520 55961
60560 55961
60600 55961
60640 55961
60680 55960
60720 55961
60760 55961
60800 55960
60840 55961
60880 55961
60920 55962
60960 55960
61000 55961
61040 55961
61080 55961
61120 55961
61160 55960
61200 55962
61240 55961
61280 55961
61320 55961
61360 55960
61400 55961
61440 55961
61480 55961
61520 55960
61560 55961
61600 55960
61640 55960
61680 55961
61720 55961
61760 55960
61800 55960
61840 55960
61880 55961
61920 55960
61960 55960
62000 55960
62040 55962
62080 55961
62120 55961
62160 55961
62200 55960
62240 55960
62280 55960
62320 55961
62360 55960
62400 55960
62440 55960
62480 55960
62520 55960
62560 55961
62600 55962
62640 55960
62680 55962
62720 55960
62760 55960
62800 55961
62840 55961
62880 55960
62920 55960
62960 55960
63000 55960
63040 55961
63080 55960
63120 55960
63160 55960
63200 55961
63240 55960
63280 55960
63320 55961
63360 55960
63400 55960
63440 55960
63480 55961
63520 55960
63560 55961
63600 55961
63640 55960
63680 55960
63720 55960
63760 55961
63800 55961
63840 55960
63880 55960
63920 55960
63960 55961
64000 55960
64040 55960
64080 55960
64120 55960
64160 55960
64200 55961
64240 55960
64280 55960
64320 55960
64360 55960
64400 55961
64440 55961
64480 55961
64520 55960
64560 55960
64600 55960
64640 55960
64680 55960
64720 55961
64760 55960
64800 55960
64840 55960
64880 55963
64920 55960
64960 55961
65000 55960
65040 55960
65080 55960
65120 55960
65160 55960
65200 55961
65240 55960
65280 55960
65320 55960
65360 55960
65400 55961
65440 55960
65480 55961
65520 55960
65560 55960
65600 55960
65640 55960
65680 55960
65720 55961
65760 55960
65800 55960
65840 55960
65880 55960
65920 55960
65960 55960
66000 55960
66040 55961
66080 55960
66120 55960
66160 55960
66200 55960
66240 55960
66280 55960
66320 55960
66360 55960
66400 55960
66440 55960
66480 55960
66520 55960
66560 55961
66600 55965
66640 55960
66680 55960
66720 55960
66760 55960
66800 55960
66840 55960
66880 55960
66920 55960
66960 55960
67000 55960
67040 55960
67080 55960
67120 55960
67160 55960
67200 55960
67240 55960
67280 55960
67320 55960
67360 55960
67400 55960
67440 55960
67480 55960
67520 55960
67560 55961
67600 55960
67640 55960
67680 55961
67720 55960
67760 55960
67800 55961
67840 55960
67880 55960
67920 55960
67960 55960
68000 55960
68040 55960
68080 55960
68120 55960
68160 55960
68200 55960
68240 55960
68280 55960
68320 55960
68360 55960
68400 55960
68440 55960
68480 55960
68520 55960
68560 55961
68600 55960
68640 55960
68680 55960
68720 55960
68760 55960
68800 55961
68840 55960
68880 55959
68920 55959
68960 55959
69000 55960
69040 55960
69080 55960
69120 55960
69160 55959
69200 55959
69240 55959
69280 55960
69320 55960
69360 55960
69400 55960
69440 55960
69480 55960
69520 55960
69560 55960
69600 55960
69640 55960
69680 55960
69720 55959
69760 55959
69800 55960
69840 55960
69880 55961
69920 55960
69960 55959
70000 55959
70040 55959
70080 55960
70120 55960
70160 55959
70200 55960
70240 55960
70280 55959
70320 55959
70360 55960
70400 55960
70440 55959
70480 55959
70520 55959
70560 55959
70600 55960
70640 55960
70680 55960
70720 55959
70760 55960
70800 55960
70840 55959
70880 55959
70920 55959
70960 55960
71000 55960
71040 55960
71080 55961
71120 55959
71160 55959
71200 55960
71240 55959
71280 55961
71320 55960
71360 55959
71400 55960
71440 55960
71480 55959
71520 55960
71560 55959
71600 55960
71640 55959
71680 55960
71720 55960
71760 55959
71800 55959
71840 55959
71880 55960
71920 55960
71960 55959
72000 55959
72040 55959
72080 55960
72120 55960
72160 55959
72200 55959
72240 55959
72280 55959
72320 55959
72360 55959
72400 55960
72440 55959
72480 55959
72520 55959
72560 55959
72600 55959
72640 55960
72680 55959
72720 55959
72760 55961
72800 55959
72840 55959
72880 55960
72920 55959
72960 55959
73000 55959
73040 55959
73080 55959
73120 55959
73160 55960
73200 55959
73240 55959
73280 55959
73320 55959
73360 55959
73400 55959
73440 55960
73480 55961
73520 55959
73560 55959
73600 55959
73640 55959
73680 55959
73720 55959
73760 55959
73800 55959
73840 55961
73880 55959
73920 55959
73960 55959
74000 55959
74040 55959
74080 55960
74120 55960
74160 55959
74200 55959
74240 55959
74280 55959
74320 55959
74360 55961
74400 55959
74440 55959
74480 55959
74520 55959
74560 55959
74600 55960
74640 55959
74680 55959
74720 55960
74760 55959
74800 55959
74840 55960
74880 55959
74920 55959
74960 55959
75000 55959
75040 55959
75080 55959
75120 55959
75160 55959
75200 55959
75240 55959
75280 55959
75320 55959
75360 55959
75400 55959
75440 55960
75480 55959
75520 55959
75560 55959
75600 55959
75640 55959
75680 55959
75720 55959
75760 55959
75800 55959
75840 55960
75880 55959
75920 55959
75960 55959
76000 55959
76040 55959
76080 55960
76120 55959
76160 55959
76200 55959
76240 55959
76280 55960
76320 55959
76360 55959
76400 55959
76440 55959
76480 55959
0 55960
0 55960
0 55960
0 55960
0 55960
0 55960
0 157839
40 157427
80 157024
120 156633
0 157839
40 134506
80 132104
120 130822
160 129788
200 128838
240 127915
280 126995
320 126064
360 125118
400 124154
440 123170
480 122166
520 121142
560 120100
600 119038
640 117960
680 116865
720 115754
760 114628
800 113489
840 112337
880 111174
920 110000
960 108817
1000 107625
1040 106426
1080 105221
1120 104010
1160 102795
1200 101577
1240 100357
1280 99136
1320 97914
1360 96694
1400 95476
1440 94261
1480 93050
1520 91844
1560 90644
1600 89451
1640 88266
1680 87089
1720 85922
1760 84765
1800 83620
1840 82486
1880 81366
1920 80259
1960 79166
2000 78089
2040 77027
2080 75982
2120 74954
2160 73944
2200 72952
2240 71978
2280 71024
2320 70090
2360 69176
2400 68282
2440 67410
2480 66558
2520 65728
2560 64919
2600 64132
2640 63367
2680 62624
2720 61902
2760 61202
2800 60523
2840 59866
2880 59231
2920 58618
2960 58025
3000 57453
3040 56901
3080 56370
3120 55858
3160 55366
0 157839
40 125231
80 95228
120 71871
160 56685
200 49804
240 49537
280 46869
320 45747
360 47744
400 46067
440 45178
480 45134
520 45082
560 45020
600 45018
640 44983
680 44980
720 44967
760 44974
800 44985
840 44974
880 44974
920 44961
960 44967
1000 44954
0 157839
40 125231
80 95228
120 71871
160 56685
200 49804
0 157839
40 151028
80 146677
120 143748
160 141644
0 49839
40 49721
80 49648
120 49591
160 49545
200 49510
240 49477
280 49446
320 49415
360 49384
400 49354
440 49324
480 49295
520 49265
560 49236
600 49206
640 49177
680 49148
720 49120
760 49091
800 49063
840 49034
880 49006
920 48978
960 48950
1000 48922
1040 48895
1080 48867
1120 48840
1160 48813
1200 48786
1240 48759
1280 48732
1320 48706
1360 48679
1400 48653
1440 48627
1480 48601
1520 48575
1560 48550
1600 48524
1640 48499
1680 48473
1720 48448
1760 48423
1800 48398
1840 48374
1880 48349
1920 48325
1960 48300
2000 48276
2040 48252
2080 48228
2120 48205
2160 48181
2200 48158
2240 48134
2280 48111
2320 48088
2360 48065
2400 48042
2440 48020
2480 47997
2520 47975
2560 47953
2600 47931
2640 47909
2680 47887
2720 47865
2760 47844
2800 47823
2840 47801
2880 47780
2920 47759
2960 47738
3000 47718
3040 47697
3080 47676
3120 47656
3160 47636
3200 47616
3240 47596
3280 47576
3320 47556
3360 47537
3400 47517
3440 47498
3480 47479
3520 47459
3560 47441
3600 47422
3640 47403
3680 47384
3720 47366
3760 47347
3800 47329
3840 47311
3880 47293
3920 47275
3960 47257
4000 47239
4040 47222
4080 47204
4120 47187
4160 47170
4200 47153
4240 47136
4280 47119
4320 47102
4360 47085
4400 47069
0 49839
40 49386
80 49112
120 48852
160 48609
200 48381
240 48168
280 47968
320 47782
360 47607
400 47443
440 47289
480 47144
520 47009
560 46882
600 46762
640 46650
680 46544
720 46445
760 46351
800 46263
840 46180
880 46102
920 46028
960 45958
1000 45891
1040 45829
1080 45770
1120 45714
1160 45661
1200 45611
1240 45563
1280 45518
1320 45476
1360 45435
1400 45397
1440 45360
1480 45326
1520 45293
1560 45261
1600 45231
1640 45203
1680 45176
1720 45150
1760 45126
1800 45102
1840 45080
1880 45059
1920 45039
1960 45019
2000 45001
2040 44984
2080 44967
2120 44951
2160 44935
2200 44921
2240 44907
2280 44894
2320 44881
2360 44869
2400 44857
2440 44846
2480 44835
2520 44825
2560 44815
2600 44806
2640 44797
2680 44788
2720 44780
2760 44772
2800 44764
2840 44757
2880 44750
2920 44744
2960 44737
3000 44731
3040 44725
3080 44720
3120 44714
3160 44709
3200 44704
3240 44699
3280 44695
3320 44690
3360 44686
3400 44682
3440 44678
3480 44674
3520 44671
3560 44667
3600 44664
3640 44661
3680 44658
3720 44655
3760 44652
3800 44649
3840 44647
3880 44644
3920 44642
3960 44640
4000 44637
4040 44635
4080 44633
4120 44631
4160 44629
4200 44627
4240 44626
4280 44624
4320 44622
4360 44621
4400 44619
4440 44618
4480 44616
4520 44615
4560 44614
4600 44613
4640 44611
4680 44610
4720 44609
4760 44608
4800 44607
4840 44606
4880 44605
4920 44604
4960 44603
5000 44603
5040 44602
5080 44601
5120 44600
5160 44600
5200 44599
5240 44598
5280 44598
5320 44597
5360 44597
5400 44596
5440 44596
5480 44595
5520 44595
5560 44594
5600 44594
5640 44594
5680 44593
5720 44593
5760 44592
5800 44592
5840 44592
5880 44592
5920 44591
5960 44591
6000 44591
6040 44590
6080 44590
6120 44590
6160 44590
6200 44590
6240 44590
6280 44589
6320 44589
6360 44589
6400 44589
6440 44589
6480 44589
6520 44589
6560 44588
6600 44588
6640 44588
6680 44588
6720 44588
6760 44588
6800 44588
6840 44588
6880 44588
6920 44588
6960 44588
7000 44588
7040 44588
7080 44588
7120 44588
7160 44588
7200 44588
7240 44588
7280 44588
7320 44588
7360 44588
7400 44588
7440 44587
7480 44587
7520 44587
7560 44587
7600 44587
7640 44587
7680 44587
7720 44587
7760 44587
7800 44587
7840 44587
7880 44587
7920 44587
7960 44587
8000 44587
8040 44587
8080 44587
8120 44587
8160 44587
8200 44587
8240 44587
8280 44587
8320 44587
8360 44587
8400 44587
8440 44587
8480 44587
8520 44587
8560 44587
8600 44587
8640 44587
8680 44587
8720 44587
8760 44587
8800 44587
8840 44587
8880 44587
8920 44587
8960 44587
9000 44587
9040 44587
9080 44587
9120 44587
9160 44587
9200 44587
9240 44587
9280 44587
9320 44587
9360 44588
9400 44588
9440 44588
9480 44588
9520 44588
9560 44588
9600 44588
9640 44588
9680 44588
9720 44588
9760 44588
9800 44588
9840 44588
9880 44588
9920 44588
9960 44588
10000 44588
10040 44588
10080 44588
10120 44588
10160 44588
10200 44588
10240 44588
10280 44588
10320 44588
10360 44588
10400 44588
10440 44588
10480 44588
10520 44588
10560 44588
10600 44588
10640 44588
10680 44588
10720 44588
10760 44588
10800 44588
10840 44588
10880 44588
10920 44588
10960 44588
11000 44588
11040 44588
11080 44588
11120 44588
11160 44588
11200 44588
11240 44588
11280 44588
11320 44588
11360 44588
11400 44588
11440 44588
11480 44588
11520 44588
11560 44588
11600 44588
11640 44588
11680 44588
11720 44588
11760 44588
11800 44588
11840 44588
11880 44588
11920 44588
11960 44588
12000 44588
12040 44588
12080 44588
12120 44588
12160 44588
12200 44588
12240 44588
12280 44588
12320 44588
12360 44588
12400 44588
12440 44588
12480 44588
12520 44588
12560 44588
12600 44588
12640 44588
12680 44588
12720 44588
12760 44588
12800 44588
12840 44588
0 149761
40 130006
80 128516
120 127310
160 126093
0 149761
40 126447
80 97207
120 78805
160 62376
200 53043
240 47425
280 45172
320 40274
360 44726
400 36817
440 39328
480 34146
520 36104
560 36877
600 34312
640 34677
680 33357
720 35157
760 31023
800 31225
840 36183
880 31678
920 30362
960 36598
1000 30839
1040 29585
1080 32012
1120 32039
1160 29048
1200 32314
1240 27361
1280 34105
1320 33890
1360 32032
1400 29435
1440 31646
1480 30103
1520 28300
1560 29818
1600 31783
1640 28640
1680 28816
1720 33209
1760 31719
1800 34447
1840 28429
1880 31354
1920 30697
1960 31339
2000 31609
2040 28858
2080 32296
2120 31538
2160 30885
2200 28165
2240 36858
2280 33540
2320 31207
2360 27088
2400 34357
2440 28197
2480 29119
2520 34029
2560 27866
2600 28127
2640 28160
2680 28227
2720 25572
2760 28180
2800 27312
2840 26906
2880 29819
2920 28007
2960 27815
3000 27268
3040 28082
3080 27676
3120 27882
3160 27066
3200 27985
3240 29943
3280 27517
3320 32025
3360 32578
3400 26960
3440 28696
3480 33498
3520 31296
3560 31157
3600 27863
3640 29627
3680 30433
3720 33406
3760 25770
3800 33518
3840 34327
3880 26794
3920 32126
3960 28666
4000 27057
4040 28699
4080 28345
4120 28699
4160 31110
4200 27987
4240 30011
4280 26202
4320 29387
4360 28620
4400 26634
4440 30447
4480 33223
4520 27109
4560 30148
4600 28574
4640 26013
4680 26123
4720 28565
4760 27649
4800 29350
4840 31813
4880 28839
4920 24829
4960 30101
5000 31355
5040 26022
5080 26809
5120 30077
5160 27726
5200 25781
5240 30452
5280 29339
5320 29535
5360 26198
5400 28843
5440 28704
5480 28204
5520 34286
5560 28250
5600 27601
5640 28108
5680 30439
5720 27449
5760 37543
5800 36810
5840 30831
5880 28703
5920 28867
5960 30225
6000 29414
6040 30391
6080 29089
6120 31249
6160 27221
6200 36700
6240 32171
6280 33922
6320 29610
6360 29483
6400 37677
6440 29975
6480 38130
6520 29289
6560 30886
6600 30154
6640 30936
6680 27055
6720 30311
6760 27653
6800 28368
6840 30162
6880 30009
6920 30224
6960 25449
7000 25801
7040 37413
7080 31704
7120 26513
7160 30060
7200 29232
7240 27625
7280 30101
7320 27182
7360 25216
7400 41869
7440 31337
7480 28033
7520 27507
7560 28634
7600 28712
7640 25868
7680 28314
7720 30158
7760 27415
7800 28008
7840 28873
7880 27626
7920 26683
7960 29308
8000 26852
8040 27839
8080 26184
8120 29762
8160 27856
8200 30051
8240 28999
8280 30564
8320 27722
8360 27491
8400 25536
8440 30632
8480 28433
8520 35792
8560 26164
8600 32784
8640 33074
8680 30759
8720 30744
8760 31738
8800 28645
8840 32083
8880 35786
8920 29691
8960 25955
9000 30234
9040 28700
9080 27282
9120 33065
9160 28727
9200 30541
9240 27892
9280 33721
9320 31272
9360 26628
9400 30090
9440 34036
9480 26760
9520 29715
9560 27554
9600 29043
9640 26689
9680 27272
9720 39941
9760 29628
9800 29871
9840 29718
9880 29631
9920 28906
9960 26515
10000 30292
10040 29595
10080 30394
10120 28307
10160 26131
10200 30669
10240 24999
10280 32983
10320 28382
10360 27689
10400 27469
10440 33581
10480 34390
10520 27083
10560 30970
10600 30034
10640 26119
10680 27690
10720 26553
10760 30957
10800 30075
10840 27320
10880 27146
10920 29419
10960 31924
11000 27408
11040 30137
11080 30502
11120 29527
11160 26958
11200 29114
11240 33266
11280 30571
11320 35680
11360 27779
11400 29883
11440 36320
11480 28221
11520 29217
11560 26313
11600 25364
11640 27069
11680 32859
11720 29877
11760 28552
11800 26004
11840 27073
11880 35834
11920 25044
11960 31602
12000 26922
12040 33156
12080 31777
12120 28054
12160 32796
12200 30835
12240 28731
12280 26113
12320 29994
12360 28036
12400 30387
12440 30382
12480 26944
12520 33184
12560 25370
12600 28678
12640 25992
12680 35970
12720 26548
12760 28092
12800 32258
12840 33214
12880 27909
12920 28636
12960 30346
13000 28544
13040 29673
13080 28178
13120 30460
13160 27760
13200 27373
13240 28385
13280 30538
13320 26843
13360 30923
13400 28727
13440 28440
13480 25369
13520 26127
13560 25545
13600 26296
13640 25768
13680 35916
13720 33267
13760 29649
13800 32082
13840 28493
13880 29152
13920 27906
13960 28451
14000 27311
14040 25835
14080 27117
14120 33674
14160 29428
14200 31605
14240 29756
14280 25029
14320 33504
14360 28148
14400 31258
14440 39602
14480 30966
14520 31928
14560 27773
14600 30010
14640 28389
14680 27363
14720 31126
14760 31615
14800 27335
14840 38864
14880 36766
14920 30839
14960 30143
15000 29409
15040 28246
15080 30149
15120 26972
15160 27272
15200 26515
15240 31754
15280 34595
15320 32606
15360 27181
15400 34361
15440 34818
15480 30604
15520 26813
15560 30790
15600 27390
15640 27982
15680 36971
15720 33610
15760 29303
15800 31701
15840 29399
15880 29838
15920 31474
15960 26476
16000 28733
16040 27646
16080 26957
16120 28357
16160 33122
16200 27199
16240 29647
16280 37544
16320 29224
16360 25184
16400 32167
16440 29977
16480 25941
16520 26186
16560 34975
16600 28319
16640 26822
16680 35219
16720 27241
16760 26767
16800 29764
16840 32969
16880 28410
16920 27023
16960 35727
17000 27558
17040 27007
17080 30918
17120 29247
17160 30112
17200 38207
17240 26040
17280 29163
17320 24843
17360 34181
17400 28443
17440 28016
17480 25816
17520 30487
17560 28935
17600 29456
17640 27891
17680 28878
17720 27881
17760 26847
17800 27318
17840 26847
17880 29312
17920 26897
17960 26436
18000 31122
18040 31295
18080 25166
18120 30411
18160 37735
18200 30214
18240 27653
18280 28547
18320 28130
18360 24989
18400 32370
18440 27511
18480 28615
18520 27477
18560 28883
18600 28191
18640 27982
18680 28609
18720 34811
18760 37527
18800 27623
18840 27267
18880 31482
18920 28875
18960 28685
19000 27863
19040 37673
19080 33020
19120 28059
19160 31251
19200 28908
19240 27593
19280 27610
19320 29404
19360 32113
19400 26522
19440 30787
19480 27163
19520 30735
19560 32043
19600 28367
19640 27987
19680 31119
19720 29357
19760 30057
19800 27691
19840 28067
19880 28718
19920 27467
19960 31127
20000 27230
20040 27887
20080 27610
20120 30039
20160 29432
20200 25856
20240 27426
20280 27461
20320 29981
20360 26071
20400 28806
20440 30004
20480 30614
20520 29678
20560 33224
20600 32444
20640 30586
20680 30086
20720 30728
20760 29062
20800 30997
20840 34394
20880 29826
20920 30549
20960 34138
21000 26910
21040 27169
21080 27711
21120 31658
21160 27487
21200 28159
21240 29441
21280 28884
21320 26448
21360 29262
21400 30827
0 24970
40 22255
80 21830
120 21594
160 21404
200 21230
240 21068
280 20916
320 20770
360 20630
400 20496
440 20366
480 20240
520 20118
560 20001
0 19907
40 19721
80 19556
120 19408
160 19269
200 19138
240 19013
280 18893
320 18778
360 18667
400 18561
440 18459
480 18360
520 18264
560 18174
600 18086
640 18001
680 17919
720 17840
760 17763
800 17689
840 17617
880 17547
920 17478
960 17411
1000 17347
1040 17284
1080 17223
1120 17163
1160 17104
1200 17047
1240 16991
1280 16937
1320 16884
1360 16833
1400 16783
1440 16733
1480 16685
1520 16638
1560 16592
1600 16546
1640 16502
1680 16458
1720 16415
1760 16374
1800 16333
1840 16294
1880 16254
1920 16216
1960 16179
2000 16142
2040 16106
2080 16071
2120 16036
2160 16001
2200 15968
2240 15934
2280 15902
2320 15870
2360 15839
2400 15808
2440 15779
2480 15749
2520 15721
2560 15692
2600 15664
2640 15637
2680 15610
2720 15582
2760 15556
2800 15530
2840 15505
2880 15479
2920 15455
2960 15430
3000 15407
3040 15383
3080 15360
3120 15337
3160 15314
3200 15292
3240 15271
3280 15249
3320 15228
3360 15207
3400 15186
3440 15166
3480 15146
3520 15126
3560 15107
3600 15088
3640 15069
3680 15050
3720 15032
3760 15013
3800 14996
3840 14978
3880 14961
3920 14944
3960 14927
4000 14909
4040 14893
4080 14876
4120 14860
4160 14844
4200 14829
4240 14813
4280 14797
4320 14782
4360 14767
4400 14752
4440 14738
4480 14723
4520 14709
4560 14695
4600 14681
4640 14667
4680 14654
4720 14640
4760 14626
4800 14613
4840 14599
4880 14586
4920 14573
4960 14561
5000 14549
5040 14536
5080 14525
5120 14512
5160 14500
5200 14489
5240 14477
5280 14465
5320 14454
5360 14442
5400 14430
5440 14419
5480 14409
5520 14398
5560 14387
5600 14377
5640 14366
5680 14355
5720 14344
5760 14334
5800 14324
5840 14314
5880 14304
5920 14294
5960 14285
6000 14275
6040 14266
6080 14256
6120 14246
6160 14237
6200 14228
6240 14218
6280 14209
6320 14200
6360 14191
6400 14182
6440 14173
6480 14164
6520 14156
6560 14147
6600 14139
6640 14130
6680 14122
6720 14113
6760 14105
6800 14097
6840 14089
6880 14082
6920 14074
6960 14066
7000 14058
7040 14050
7080 14042
7120 14034
7160 14026
7200 14019
7240 14011
7280 14003
7320 13996
7360 13988
7400 13980
7440 13973
7480 13966
7520 13959
7560 13952
7600 13946
7640 13939
7680 13932
7720 13925
7760 13918
7800 13911
7840 13904
7880 13898
7920 13891
7960 13884
8000 13877
8040 13871
8080 13864
8120 13857
8160 13851
8200 13845
8240 13839
8280 13833
8320 13827
8360 13820
8400 13814
8440 13808
8480 13802
8520 13796
8560 13790
8600 13783
8640 13777
8680 13772
8720 13766
8760 13760
8800 13754
8840 13748
8880 13742
8920 13736
8960 13730
9000 13724
9040 13719
9080 13713
9120 13708
9160 13703
9200 13697
9240 13692
9280 13687
9320 13681
9360 13676
9400 13670
9440 13665
9480 13661
9520 13655
9560 13650
9600 13645
9640 13639
9680 13634
9720 13629
9760 13625
9800 13619
9840 13615
9880 13609
9920 13604
9960 13599
10000 13593
10040 13588
10080 13583
10120 13578
10160 13573
10200 13568
10240 13563
10280 13559
10320 13554
10360 13550
10400 13545
10440 13541
10480 13536
10520 13530
10560 13526
10600 13521
10640 13517
10680 13513
10720 13508
10760 13504
10800 13499
10840 13495
10880 13491
10920 13487
10960 13482
11000 13478
11040 13473
11080 13468
11120 13464
11160 13460
11200 13455
11240 13451
11280 13446
11320 13442
11360 13438
11400 13435
11440 13430
11480 13426
11520 13422
11560 13419
11600 13415
11640 13411
11680 13407
11720 13402
11760 13398
11800 13394
11840 13390
11880 13385
11920 13381
11960 13378
12000 13374
12040 13370
12080 13366
12120 13361
12160 13357
12200 13354
12240 13350
12280 13347
12320 13344
12360 13340
12400 13336
12440 13333
12480 13329
12520 13326
12560 13322
12600 13318
12640 13314
12680 13310
12720 13306
12760 13302
12800 13298
12840 13295
12880 13291
12920 13287
12960 13283
13000 13280
13040 13276
13080 13273
13120 13270
13160 13266
13200 13263
13240 13260
13280 13256
13320 13253
13360 13250
13400 13246
13440 13244
13480 13240
13520 13237
13560 13233
13600 13229
13640 13227
13680 13223
13720 13220
13760 13217
13800 13213
13840 13210
13880 13207
13920 13203
13960 13200
14000 13196
14040 13194
14080 13191
14120 13187
14160 13184
14200 13181
14240 13178
14280 13175
14320 13171
14360 13168
14400 13165
14440 13162
14480 13159
14520 13156
14560 13153
14600 13150
14640 13147
14680 13144
14720 13141
14760 13138
14800 13135
14840 13132
14880 13129
14920 13126
14960 13122
15000 13120
15040 13117
15080 13114
15120 13111
15160 13108
15200 13106
15240 13103
15280 13099
15320 13096
15360 13093
15400 13091
15440 13088
15480 13085
15520 13082
15560 13079
15600 13076
15640 13073
15680 13071
15720 13067
15760 13064
15800 13062
15840 13059
15880 13057
15920 13054
15960 13051
16000 13049
16040 13046
16080 13043
16120 13041
16160 13039
16200 13035
16240 13033
16280 13030
16320 13028
16360 13025
16400 13022
16440 13020
16480 13017
16520 13014
16560 13011
16600 13008
16640 13006
16680 13003
16720 13000
16760 12997
16800 12995
16840 12992
16880 12989
16920 12987
16960 12985
17000 12982
17040 12980
17080 12977
17120 12975
17160 12972
17200 12971
17240 12968
17280 12965
17320 12963
17360 12960
17400 12958
17440 12955
17480 12953
17520 12950
17560 12948
17600 12946
17640 12943
17680 12941
17720 12938
17760 12935
17800 12933
17840 12931
17880 12929
17920 12927
17960 12925
18000 12922
18040 12920
18080 12917
18120 12915
18160 12912
18200 12910
18240 12907
18280 12905
18320 12902
18360 12900
18400 12898
18440 12895
18480 12893
18520 12891
18560 12889
18600 12886
18640 12884
18680 12882
18720 12880
18760 12877
18800 12875
18840 12873
18880 12871
18920 12868
18960 12866
19000 12864
19040 12862
19080 12860
19120 12858
19160 12856
19200 12853
19240 12851
19280 12849
19320 12847
19360 12845
19400 12843
19440 12840
19480 12838
19520 12836
19560 12834
19600 12832
19640 12830
19680 12828
19720 12826
19760 12823
19800 12821
19840 12819
19880 12816
19920 12814
19960 12812
20000 12810
20040 12808
20080 12806
20120 12804
20160 12802
20200 12800
20240 12797
20280 12796
20320 12794
20360 12792
20400 12790
20440 12788
20480 12786
20520 12784
20560 12782
20600 12780
20640 12778
20680 12775
20720 12774
20760 12772
20800 12770
20840 12768
20880 12766
20920 12764
20960 12763
21000 12760
21040 12758
21080 12756
21120 12754
21160 12752
21200 12750
21240 12749
21280 12747
21320 12745
21360 12742
21400 12741
21440 12739
21480 12737
21520 12735
21560 12733
21600 12731
21640 12729
21680 12727
21720 12725
21760 12723
21800 12722
21840 12720
21880 12718
21920 12717
21960 12714
22000 12712
22040 12710
22080 12708
22120 12706
22160 12705
22200 12704
22240 12701
22280 12700
22320 12697
22360 12696
22400 12694
22440 12693
22480 12690
22520 12689
22560 12687
22600 12686
22640 12683
22680 12682
22720 12680
22760 12679
22800 12678
22840 12675
22880 12673
22920 12671
22960 12670
23000 12668
23040 12667
23080 12664
23120 12662
23160 12661
23200 12659
23240 12657
23280 12655
23320 12653
23360 12652
23400 12650
23440 12648
23480 12646
23520 12644
23560 12643
23600 12641
23640 12640
23680 12638
23720 12637
23760 12635
23800 12633
23840 12631
23880 12630
23920 12628
23960 12626
24000 12625
24040 12623
24080 12621
24120 12620
24160 12618
24200 12616
24240 12614
24280 12613
24320 12612
24360 12611
24400 12609
24440 12607
24480 12605
24520 12604
24560 12602
24600 12600
24640 12599
24680 12598
24720 12596
24760 12595
24800 12593
24840 12591
24880 12589
24920 12588
24960 12587
25000 12585
25040 12584
25080 12583
25120 12581
25160 12579
25200 12577
25240 12576
25280 12574
25320 12573
25360 12571
25400 12569
25440 12568
25480 12566
25520 12564
25560 12562
25600 12561
25640 12559
25680 12557
25720 12556
25760 12554
25800 12553
25840 12552
25880 12550
25920 12549
25960 12547
26000 12546
26040 12544
26080 12543
26120 12541
26160 12540
26200 12539
26240 12537
26280 12535
26320 12534
26360 12532
26400 12531
26440 12530
26480 12529
26520 12527
26560 12526
26600 12524
26640 12523
26680 12521
26720 12519
26760 12518
26800 12517
26840 12515
26880 12514
26920 12513
26960 12511
27000 12509
27040 12508
27080 12506
27120 12504
27160 12503
27200 12502
27240 12500
27280 12499
27320 12497
27360 12496
27400 12495
27440 12493
27480 12492
27520 12490
27560 12489
27600 12487
27640 12486
27680 12485
27720 12484
27760 12482
27800 12480
27840 12479
27880 12478
27920 12476
27960 12474
28000 12473
28040 12472
28080 12471
28120 12471
28160 12469
28200 12468
28240 12466
28280 12465
28320 12463
28360 12462
28400 12460
28440 12459
28480 12457
28520 12456
28560 12454
28600 12453
28640 12452
28680 12450
28720 12449
28760 12447
28800 12446
28840 12445
28880 12443
28920 12442
28960 12441
29000 12440
29040 12439
29080 12437
29120 12436
29160 12435
29200 12434
29240 12433
29280 12431
29320 12431
29360 12429
29400 12428
29440 12427
29480 12424
29520 12422
29560 12421
29600 12420
29640 12418
29680 12417
29720 12416
29760 12414
29800 12413
29840 12412
29880 12411
29920 12409
29960 12408
30000 12407
30040 12406
30080 12404
30120 12403
30160 12402
30200 12401
30240 12400
30280 12398
30320 12397
30360 12396
30400 12395
30440 12393
30480 12391
30520 12391
30560 12390
30600 12389
30640 12387
30680 12386
30720 12385
30760 12383
30800 12382
30840 12381
30880 12379
30920 12379
30960 12377
31000 12376
31040 12374
31080 12374
31120 12372
31160 12371
31200 12370
31240 12368
31280 12367
31320 12365
31360 12364
31400 12362
31440 12361
31480 12360
31520 12359
31560 12357
31600 12356
31640 12355
31680 12354
31720 12353
31760 12353
31800 12352
31840 12350
31880 12349
31920 12348
31960 12347
32000 12345
32040 12345
32080 12343
32120 12342
32160 12340
32200 12339
32240 12338
32280 12337
32320 12336
32360 12334
32400 12333
32440 12331
32480 12331
32520 12330
32560 12329
32600 12328
32640 12327
32680 12325
32720 12324
32760 12323
32800 12321
32840 12321
32880 12320
32920 12318
32960 12317
33000 12316
33040 12315
33080 12314
33120 12313
33160 12311
33200 12310
33240 12309
33280 12308
33320 12307
33360 12306
33400 12305
33440 12304
33480 12302
33520 12301
33560 12299
33600 12298
33640 12297
33680 12296
33720 12295
33760 12294
33800 12293
33840 12292
33880 12291
33920 12290
33960 12289
34000 12288
34040 12286
34080 12286
34120 12284
34160 12284
34200 12282
34240 12281
34280 12280
34320 12279
34360 12278
34400 12277
34440 12276
34480 12274
34520 12273
34560 12272
34600 12271
34640 12270
34680 12269
34720 12267
34760 12266
34800 12266
34840 12265
34880 12264
34920 12263
34960 12262
35000 12261
35040 12260
35080 12259
35120 12258
35160 12256
35200 12255
35240 12254
35280 12252
35320 12251
35360 12250
35400 12249
35440 12248
35480 12247
35520 12246
35560 12245
35600 12244
35640 12244
35680 12243
35720 12242
35760 12241
35800 12240
35840 12239
35880 12237
35920 12236
35960 12235
36000 12233
36040 12233
36080 12232
36120 12231
36160 12230
36200 12229
36240 12228
36280 12227
36320 12225
36360 12224
36400 12223
36440 12222
36480 12222
36520 12221
36560 12220
36600 12219
36640 12218
36680 12217
36720 12216
36760 12215
36800 12214
36840 12213
36880 12211
36920 12210
36960 12209
37000 12207
37040 12206
37080 12206
37120 12205
37160 12204
37200 12203
37240 12202
37280 12202
37320 12200
37360 12199
37400 12199
37440 12198
37480 12197
37520 12196
37560 12194
37600 12194
37640 12193
37680 12192
37720 12191
37760 12190
37800 12189
37840 12187
37880 12186
37920 12186
37960 12185
38000 12184
38040 12183
38080 12182
38120 12181
38160 12180
38200 12179
38240 12178
38280 12177
38320 12176
38360 12175
38400 12174
38440 12173
38480 12173
38520 12172
38560 12171
38600 12169
38640 12168
38680 12167
38720 12167
38760 12166
38800 12166
38840 12164
38880 12163
38920 12162
38960 12161
39000 12160
39040 12159
39080 12158
39120 12158
39160 12156
39200 12155
39240 12154
39280 12154
39320 12153
39360 12152
39400 12151
39440 12150
39480 12149
39520 12148
39560 12147
39600 12146
39640 12145
39680 12144
39720 12143
39760 12143
39800 12141
39840 12140
39880 12140
39920 12139
39960 12138
40000 12137
40040 12136
40080 12135
40120 12135
40160 12134
40200 12133
40240 12132
40280 12131
40320 12130
40360 12129
40400 12128
40440 12127
40480 12126
40520 12125
40560 12124
40600 12123
40640 12123
40680 12122
40720 12121
40760 12120
40800 12119
40840 12118
40880 12117
40920 12116
40960 12115
41000 12114
41040 12114
41080 12113
41120 12112
41160 12111
41200 12110
41240 12110
41280 12109
41320 12108
41360 12107
41400 12106
41440 12105
41480 12104
41520 12104
41560 12103
41600 12102
41640 12101
41680 12100
41720 12099
41760 12098
41800 12097
41840 12096
41880 12095
41920 12094
41960 12094
42000 12093
42040 12092
42080 12092
42120 12091
42160 12090
42200 12089
42240 12089
42280 12087
42320 12086
42360 12085
42400 12084
42440 12083
42480 12082
42520 12082
42560 12081
42600 12080
42640 12079
42680 12079
42720 12078
42760 12077
42800 12076
42840 12076
42880 12075
42920 12074
42960 12074
43000 12073
43040 12072
43080 12071
43120 12070
43160 12069
43200 12068
43240 12067
43280 12067
43320 12065
43360 12065
43400 12064
43440 12062
43480 12062
43520 12062
43560 12061
43600 12060
43640 12059
43680 12058
43720 12058
43760 12057
43800 12056
43840 12055
43880 12054
43920 12054
43960 12053
44000 12052
44040 12051
44080 12050
44120 12050
44160 12049
44200 12048
44240 12047
44280 12046
44320 12045
44360 12045
44400 12044
44440 12044
44480 12043
44520 12042
44560 12041
44600 12041
44640 12040
44680 12039
44720 12038
44760 12037
44800 12037
44840 12035
44880 12035
44920 12033
44960 12033
45000 12032
45040 12031
45080 12030
45120 12029
45160 12028
45200 12028
45240 12027
45280 12026
45320 12025
45360 12024
45400 12024
45440 12023
45480 12022
45520 12021
45560 12021
45600 12020
45640 12020
45680 12019
45720 12018
45760 12017
45800 12016
45840 12015
45880 12014
45920 12014
45960 12014
46000 12013
46040 12013
46080 12012
46120 12011
46160 12010
46200 12010
46240 12009
46280 12008
46320 12007
46360 12006
46400 12005
46440 12004
46480 12004
46520 12003
46560 12002
46600 12001
46640 12000
46680 12000
46720 11998
46760 11997
46800 11997
46840 11997
46880 11996
46920 11995
46960 11994
47000 11993
47040 11992
47080 11992
47120 11991
47160 11991
47200 11990
47240 11989
47280 11988
47320 11987
47360 11986
47400 11986
47440 11985
47480 11984
47520 11984
47560 11983
47600 11983
47640 11983
47680 11981
47720 11981
47760 11980
47800 11979
47840 11978
47880 11977
47920 11977
47960 11977
48000 11976
48040 11975
48080 11974
48120 11973
48160 11972
48200 11971
48240 11971
48280 11970
48320 11969
48360 11968
48400 11968
48440 11967
48480 11967
48520 11966
48560 11965
48600 11964
48640 11964
48680 11963
48720 11962
48760 11961
48800 11960
48840 11959
48880 11958
48920 11958
48960 11957
49000 11956
49040 11956
49080 11955
49120 11954
49160 11954
49200 11953
49240 11952
49280 11952
49320 11952
49360 11951
49400 11950
49440 11949
49480 11949
49520 11948
49560 11947
49600 11946
49640 11945
49680 11944
49720 11944
49760 11943
49800 11943
49840 11942
49880 11942
49920 11941
49960 11940
50000 11939
50040 11939
50080 11938
50120 11937
50160 11936
50200 11935
50240 11935
50280 11934
50320 11933
50360 11933
50400 11932
50440 11931
50480 11930
50520 11930
50560 11929
50600 11928
50640 11928
50680 11927
50720 11927
50760 11926
50800 11925
50840 11925
50880 11924
50920 11923
50960 11923
51000 11921
51040 11920
51080 11920
51120 11920
51160 11919
51200 11918
51240 11917
51280 11917
51320 11917
51360 11916
51400 11916
51440 11915
51480 11914
51520 11913
51560 11913
51600 11912
51640 11911
51680 11910
51720 11910
51760 11910
51800 11909
51840 11908
51880 11907
51920 11906
51960 11906
52000 11904
52040 11904
52080 11903
52120 11903
52160 11902
52200 11901
52240 11900
52280 11900
52320 11899
52360 11898
52400 11898
52440 11897
52480 11897
52520 11896
52560 11895
52600 11895
52640 11894
52680 11893
52720 11892
52760 11892
52800 11891
52840 11890
52880 11890
52920 11889
52960 11889
53000 11889
53040 11888
53080 11887
53120 11887
53160 11886
53200 11885
53240 11884
53280 11883
53320 11882
53360 11882
53400 11881
53440 11881
53480 11880
53520 11879
53560 11879
53600 11878
53640 11878
53680 11877
53720 11877
53760 11876
53800 11875
53840 11875
53880 11874
53920 11873
53960 11872
54000 11871
54040 11871
54080 11870
54120 11870
54160 11869
54200 11868
54240 11868
54280 11867
54320 11866
54360 11866
54400 11865
54440 11864
54480 11864
54520 11863
54560 11862
54600 11862
54640 11862
54680 11861
54720 11860
54760 11860
54800 11860
54840 11859
54880 11858
54920 11857
54960 11857
55000 11856
55040 11855
55080 11855
55120 11854
55160 11853
55200 11852
55240 11851
55280 11851
55320 11850
55360 11850
55400 11850
55440 11849
55480 11848
55520 11847
55560 11847
55600 11846
55640 11846
55680 11845
55720 11845
55760 11843
55800 11843
55840 11842
55880 11842
55920 11841
55960 11840
56000 11840
56040 11840
56080 11839
56120 11839
56160 11838
56200 11837
56240 11836
56280 11835
56320 11835
56360 11834
56400 11833
56440 11833
56480 11832
56520 11832
56560 11831
56600 11830
56640 11829
56680 11829
56720 11829
56760 11828
56800 11828
56840 11827
56880 11826
56920 11826
56960 11826
57000 11825
57040 11824
57080 11823
57120 11823
57160 11822
57200 11821
57240 11821
57280 11820
57320 11820
57360 11819
57400 11818
57440 11818
57480 11817
57520 11816
57560 11816
57600 11815
57640 11814
57680 11814
57720 11813
57760 11813
57800 11813
57840 11812
57880 11812
57920 11811
57960 11811
58000 11810
58040 11809
58080 11809
58120 11809
58160 11808
58200 11807
58240 11807
58280 11806
58320 11805
58360 11804
58400 11803
58440 11803
58480 11802
58520 11802
58560 11801
58600 11800
58640 11799
58680 11799
58720 11799
58760 11798
58800 11797
58840 11797
58880 11796
58920 11795
58960 11795
59000 11794
59040 11794
59080 11793
59120 11792
59160 11792
59200 11792
59240 11791
59280 11790
59320 11789
59360 11788
59400 11788
59440 11788
59480 11788
59520 11787
59560 11786
59600 11786
59640 11785
59680 11784
59720 11784
59760 11784
59800 11783
59840 11782
59880 11782
59920 11782
59960 11781
60000 11781
60040 11780
60080 11779
60120 11778
60160 11777
60200 11777
60240 11776
60280 11776
60320 11776
60360 11775
60400 11774
60440 11773
60480 11773
60520 11772
60560 11771
60600 11770
60640 11770
60680 11770
60720 11770
60760 11769
60800 11768
60840 11768
60880 11767
60920 11767
60960 11766
61000 11766
61040 11765
61080 11765
61120 11764
61160 11764
61200 11763
61240 11762
61280 11762
61320 11761
61360 11761
61400 11761
61440 11760
61480 11760
61520 11759
61560 11758
61600 11758
61640 11757
61680 11756
61720 11756
61760 11755
61800 11754
61840 11754
61880 11753
61920 11752
61960 11752
62000 11752
62040 11751
62080 11751
62120 11750
62160 11750
62200 11750
62240 11749
62280 11748
62320 11748
62360 11747
62400 11746
62440 11746
62480 11745
62520 11744
62560 11743
62600 11743
62640 11742
62680 11742
62720 11741
62760 11741
62800 11740
62840 11740
62880 11739
62920 11739
62960 11738
63000 11738
63040 11737
63080 11737
63120 11736
63160 11736
63200 11735
63240 11735
63280 11734
63320 11734
63360 11733
63400 11733
63440 11732
63480 11731
63520 11731
63560 11730
63600 11730
63640 11729
63680 11728
63720 11728
63760 11728
63800 11727
63840 11726
63880 11726
63920 11725
63960 11725
64000 11724
64040 11723
64080 11723
64120 11722
64160 11723
64200 11722
64240 11721
64280 11721
64320 11720
64360 11719
64400 11719
64440 11718
64480 11718
64520 11717
64560 11717
64600 11716
64640 11715
64680 11715
64720 11714
64760 11714
64800 11713
64840 11713
64880 11712
64920 11712
64960 11711
65000 11711
65040 11710
65080 11710
65120 11710
65160 11710
65200 11709
65240 11709
65280 11708
65320 11707
65360 11707
65400 11705
65440 11705
65480 11705
65520 11704
65560 11704
65600 11703
65640 11703
65680 11702
65720 11702
65760 11701
65800 11700
65840 11700
65880 11699
65920 11698
65960 11698
66000 11698
66040 11697
66080 11696
66120 11697
66160 11696
66200 11696
66240 11695
66280 11694
66320 11693
66360 11693
66400 11692
66440 11691
66480 11691
66520 11691
66560 11691
66600 11690
66640 11689
66680 11689
66720 11689
66760 11688
66800 11688
66840 11687
66880 11687
66920 11686
66960 11685
67000 11685
67040 11684
67080 11684
67120 11684
67160 11683
67200 11683
67240 11682
67280 11681
67320 11681
67360 11680
67400 11680
67440 11679
67480 11679
67520 11678
67560 11678
67600 11677
67640 11677
67680 11677
67720 11676
67760 11675
67800 11675
67840 11674
67880 11674
67920 11674
67960 11673
68000 11673
68040 11672
68080 11672
68120 11671
68160 11670
68200 11669
68240 11669
68280 11668
68320 11668
68360 11668
68400 11667
68440 11667
68480 11666
68520 11666
68560 11665
68600 11665
68640 11664
68680 11663
68720 11663
68760 11662
68800 11662
68840 11661
68880 11661
68920 11660
68960 11661
69000 11660
69040 11659
69080 11659
69120 11658
69160 11658
69200 11657
69240 11657
69280 11656
69320 11656
69360 11656
69400 11655
69440 11655
69480 11654
69520 11654
69560 11654
69600 11653
69640 11652
69680 11652
69720 11651
69760 11650
69800 11650
69840 11650
69880 11649
69920 11649
69960 11648
70000 11647
70040 11647
70080 11646
70120 11646
70160 11645
70200 11645
70240 11644
70280 11644
70320 11644
70360 11643
70400 11642
70440 11642
70480 11642
70520 11641
70560 11640
70600 11640
70640 11639
70680 11639
70720 11639
70760 11639
70800 11638
70840 11637
70880 11636
70920 11636
70960 11635
71000 11635
71040 11635
71080 11635
71120 11634
71160 11633
71200 11633
71240 11632
71280 11632
71320 11632
71360 11632
71400 11631
71440 11631
71480 11631
71520 11630
71560 11630
71600 11629
71640 11629
71680 11628
71720 11626
71760 11626
71800 11625
71840 11624
71880 11624
71920 11624
71960 11623
72000 11623
72040 11622
72080 11622
72120 11622
72160 11621
72200 11621
72240 11621
72280 11621
72320 11621
72360 11620
72400 11619
72440 11619
72480 11619
72520 11618
72560 11618
72600 11618
72640 11617
72680 11616
72720 11615
72760 11615
72800 11614
72840 11614
72880 11613
72920 11613
72960 11613
73000 11612
73040 11611
73080 11611
73120 11610
73160 11610
73200 11609
73240 11609
73280 11609
73320 11608
73360 11607
73400 11607
73440 11606
73480 11606
73520 11606
73560 11606
73600 11605
73640 11605
73680 11604
73720 11604
73760 11604
73800 11603
73840 11603
73880 11603
73920 11602
73960 11601
74000 11601
74040 11600
74080 11600
74120 11600
74160 11600
74200 11599
74240 11599
74280 11598
74320 11597
74360 11597
74400 11597
74440 11596
74480 11596
74520 11595
74560 11595
74600 11594
74640 11594
74680 11593
74720 11592
74760 11592
74800 11592
74840 11592
74880 11591
74920 11591
74960 11590
75000 11589
75040 11588
75080 11588
75120 11588
75160 11588
75200 11587
75240 11587
75280 11586
75320 11586
75360 11585
75400 11585
75440 11584
75480 11583
75520 11584
75560 11584
75600 11583
75640 11582
75680 11583
75720 11582
75760 11581
75800 11581
75840 11581
75880 11580
75920 11580
75960 11580
76000 11579
76040 11579
76080 11579
76120 11578
76160 11578
76200 11577
76240 11577
76280 11576
76320 11576
76360 11575
76400 11575
76440 11575
76480 11574
76520 11574
76560 11573
76600 11572
76640 11572
76680 11571
76720 11571
76760 11570
76800 11570
76840 11569
76880 11569
76920 11569
76960 11568
77000 11568
77040 11568
77080 11568
77120 11567
77160 11567
77200 11566
77240 11565
77280 11565
77320 11564
77360 11564
77400 11563
77440 11563
77480 11562
77520 11562
77560 11562
77600 11561
77640 11561
77680 11561
77720 11560
77760 11560
77800 11559
77840 11559
77880 11559
77920 11559
77960 11558
78000 11558
78040 11558
78080 11557
78120 11557
78160 11557
78200 11557
78240 11556
78280 11556
78320 11555
78360 11555
78400 11554
78440 11553
78480 11553
78520 11552
78560 11552
78600 11552
78640 11551
78680 11550
78720 11550
78760 11549
78800 11549
78840 11549
78880 11548
78920 11548
78960 11547
79000 11547
79040 11547
79080 11546
79120 11546
79160 11546
79200 11545
79240 11545
79280 11545
79320 11545
79360 11543
79400 11543
79440 11543
79480 11542
79520 11542
79560 11542
79600 11541
79640 11540
79680 11540
79720 11540
79760 11540
79800 11540
79840 11540
79880 11540
79920 11539
79960 11539
80000 11538
80040 11537
80080 11537
80120 11537
80160 11536
80200 11536
80240 11535
80280 11534
80320 11534
80360 11534
80400 11533
80440 11533
80480 11532
80520 11532
80560 11532
80600 11531
80640 11531
80680 11530
80720 11530
80760 11530
80800 11530
80840 11529
80880 11529
80920 11529
80960 11528
81000 11528
81040 11527
81080 11527
81120 11526
81160 11526
81200 11526
81240 11526
81280 11525
81320 11525
81360 11524
81400 11523
81440 11523
81480 11522
81520 11522
81560 11521
81600 11521
81640 11521
81680 11520
81720 11520
81760 11519
81800 11519
81840 11519
81880 11519
81920 11519
81960 11518
82000 11518
82040 11517
82080 11517
82120 11517
82160 11516
82200 11515
82240 11515
82280 11514
82320 11514
82360 11514
82400 11513
82440 11513
82480 11513
82520 11513
82560 11513
82600 11513
82640 11513
82680 11512
82720 11512
82760 11511
82800 11511
82840 11510
82880 11510
82920 11510
82960 11509
83000 11508
83040 11508
83080 11507
83120 11508
83160 11507
83200 11507
83240 11506
83280 11505
83320 11505
83360 11504
83400 11504
83440 11503
83480 11503
83520 11503
83560 11503
83600 11503
83640 11503
83680 11503
83720 11502
83760 11501
83800 11501
83840 11500
83880 11500
83920 11499
83960 11499
84000 11498
84040 11498
84080 11498
84120 11497
84160 11497
84200 11496
84240 11496
84280 11496
84320 11496
84360 11495
84400 11495
84440 11495
84480 11495
84520 11495
84560 11494
84600 11494
84640 11494
84680 11494
84720 11493
84760 11493
84800 11492
84840 11491
84880 11491
84920 11490
84960 11489
85000 11489
85040 11489
85080 11488
85120 11487
85160 11487
85200 11487
85240 11487
85280 11487
85320 11487
85360 11487
85400 11486
85440 11485
85480 11486
85520 11485
85560 11484
85600 11483
85640 11483
85680 11484
85720 11483
85760 11483
85800 11483
85840 11483
85880 11483
85920 11482
85960 11481
86000 11481
86040 11480
86080 11480
86120 11480
86160 11479
86200 11478
86240 11478
86280 11477
86320 11477
86360 11477
86400 11477
86440 11477
86480 11476
86520 11476
86560 11476
86600 11476
86640 11475
86680 11475
86720 11474
86760 11474
86800 11474
86840 11473
86880 11473
86920 11472
86960 11472
87000 11472
87040 11472
87080 11471
87120 11471
87160 11470
87200 11470
87240 11469
87280 11469
87320 11469
87360 11468
87400 11469
87440 11468
87480 11467
87520 11467
87560 11466
87600 11466
87640 11466
87680 11466
87720 11465
87760 11465
87800 11465
87840 11464
87880 11464
87920 11463
87960 11463
88000 11463
88040 11463
88080 11463
88120 11462
88160 11461
88200 11461
88240 11461
88280 11461
88320 11460
88360 11460
88400 11460
88440 11460
88480 11459
88520 11459
88560 11459
88600 11458
88640 11458
88680 11457
88720 11457
88760 11457
88800 11456
88840 11456
88880 11455
88920 11455
88960 11455
89000 11455
89040 11454
89080 11453
89120 11453
89160 11453
89200 11453
89240 11453
89280 11452
89320 11452
89360 11451
89400 11451
89440 11451
89480 11451
89520 11451
89560 11450
89600 11450
89640 11449
89680 11449
89720 11449
89760 11448
89800 11448
89840 11448
89880 11448
89920 11448
89960 11447
90000 11447
90040 11446
90080 11446
90120 11445
90160 11445
90200 11445
90240 11444
90280 11444
90320 11442
90360 11442
90400 11441
90440 11442
90480 11441
90520 11442
90560 11441
90600 11440
90640 11440
90680 11440
90720 11440
90760 11440
90800 11440
90840 11439
90880 11439
90920 11439
90960 11438
91000 11438
91040 11437
91080 11437
91120 11436
91160 11436
91200 11436
91240 11436
91280 11436
91320 11436
91360 11436
91400 11435
91440 11435
91480 11434
91520 11434
91560 11434
91600 11434
91640 11434
91680 11433
91720 11433
91760 11433
91800 11433
91840 11432
91880 11431
91920 11430
91960 11430
92000 11429
92040 11429
92080 11429
92120 11429
92160 11428
92200 11428
92240 11428
92280 11427
92320 11427
92360 11427
92400 11426
92440 11425
92480 11425
92520 11425
92560 11425
92600 11425
92640 11425
92680 11424
92720 11424
92760 11424
92800 11423
92840 11423
92880 11423
92920 11422
92960 11422
93000 11422
93040 11422
93080 11421
93120 11421
93160 11420
93200 11420
93240 11420
93280 11420
93320 11420
93360 11419
93400 11419
93440 11419
93480 11418
93520 11418
93560 11417
93600 11417
93640 11416
93680 11416
93720 11416
93760 11416
93800 11416
93840 11416
93880 11415
93920 11415
93960 11414
94000 11414
94040 11414
94080 11414
94120 11413
94160 11412
94200 11412
94240 11412
94280 11412
94320 11411
94360 11411
94400 11411
94440 11410
94480 11410
94520 11410
94560 11410
94600 11410
94640 11409
94680 11409
94720 11409
94760 11408
94800 11408
94840 11408
94880 11408
94920 11407
94960 11406
95000 11406
95040 11406
95080 11406
95120 11406
95160 11406
95200 11405
95240 11405
95280 11405
95320 11404
95360 11404
95400 11404
95440 11403
95480 11403
95520 11402
95560 11402
95600 11401
95640 11401
95680 11401
95720 11400
95760 11400
95800 11399
95840 11399
95880 11399
95920 11399
95960 11399
96000 11399
96040 11398
96080 11399
96120 11398
96160 11398
96200 11398
96240 11398
96280 11397
96320 11397
96360 11396
96400 11396
96440 11395
96480 11396
96520 11395
96560 11395
96600 11394
96640 11394
96680 11394
96720 11393
96760 11393
96800 11393
96840 11392
96880 11392
96920 11392
96960 11392
97000 11392
97040 11391
97080 11391
97120 11390
97160 11390
97200 11390
97240 11389
97280 11389
97320 11389
97360 11389
97400 11388
97440 11388
97480 11388
97520 11387
97560 11387
97600 11387
97640 11387
97680 11387
97720 11386
97760 11386
97800 11385
97840 11385
97880 11384
97920 11384
97960 11384
98000 11384
98040 11384
98080 11384
98120 11383
98160 11383
98200 11383
98240 11382
98280 11382
98320 11382
98360 11382
98400 11381
98440 11380
98480 11380
98520 11380
98560 11379
98600 11379
98640 11379
98680 11379
98720 11379
98760 11379
98800 11378
98840 11378
98880 11378
98920 11378
98960 11377
99000 11377
99040 11377
99080 11376
99120 11376
99160 11376
99200 11376
99240 11375
99280 11374
99320 11375
99360 11374
99400 11374
99440 11373
99480 11373
99520 11373
99560 11373
99600 11373
99640 11372
99680 11372
99720 11372
99760 11372
99800 11371
99840 11370
99880 11370
99920 11369
99960 11369
100000 11369
100040 11369
100080 11368
100120 11368
100160 11368
100200 11368
100240 11367
100280 11367
100320 11367
100360 11366
100400 11366
100440 11366
100480 11366
100520 11365
100560 11365
100600 11365
100640 11364
100680 11365
100720 11365
100760 11365
100800 11364
100840 11364
100880 11364
100920 11364
100960 11363
101000 11363
101040 11363
101080 11363
101120 11363
101160 11362
101200 11362
101240 11362
101280 11362
101320 11361
101360 11360
101400 11360
101440 11360
101480 11359
101520 11359
101560 11359
101600 11358
101640 11358
101680 11357
101720 11357
101760 11357
101800 11357
101840 11357
101880 11356
101920 11357
101960 11356
102000 11356
102040 11355
102080 11355
102120 11355
102160 11355
102200 11354
102240 11354
102280 11354
102320 11353
102360 11353
102400 11352
102440 11352
102480 11352
102520 11351
102560 11351
102600 11351
102640 11351
102680 11351
102720 11350
102760 11350
102800 11350
102840 11350
102880 11350
102920 11350
102960 11349
103000 11349
103040 11349
103080 11348
103120 11348
103160 11348
103200 11348
103240 11347
103280 11347
103320 11347
103360 11346
103400 11346
103440 11346
103480 11345
103520 11345
103560 11345
103600 11345
103640 11344
103680 11344
103720 11344
103760 11344
103800 11344
103840 11344
103880 11344
103920 11343
103960 11343
104000 11342
104040 11342
104080 11342
104120 11341
104160 11341
104200 11341
104240 11340
104280 11340
104320 11339
104360 11339
104400 11339
104440 11339
104480 11338
104520 11339
104560 11338
104600 11338
104640 11338
104680 11337
104720 11337
104760 11337
104800 11337
104840 11337
104880 11337
104920 11337
104960 11336
105000 11335
105040 11335
105080 11335
105120 11334
105160 11334
105200 11334
105240 11334
105280 11334
105320 11333
105360 11333
105400 11332
105440 11332
105480 11332
105520 11332
105560 11332
105600 11331
105640 11331
105680 11331
105720 11331
105760 11331
105800 11331
105840 11331
105880 11330
105920 11330
105960 11330
106000 11329
106040 11329
106080 11329
106120 11329
106160 11328
106200 11327
106240 11327
106280 11327
106320 11327
106360 11326
106400 11326
106440 11325
106480 11325
106520 11326
106560 11326
106600 11326
106640 11325
106680 11325
106720 11325
106760 11324
106800 11324
106840 11324
106880 11323
106920 11323
106960 11322
107000 11322
107040 11322
107080 11322
107120 11322
107160 11321
107200 11321
107240 11321
107280 11321
107320 11321
107360 11320
107400 11320
107440 11319
107480 11319
107520 11319
107560 11318
107600 11319
107640 11319
107680 11318
107720 11318
107760 11318
107800 11317
107840 11317
107880 11317
107920 11317
107960 11317
108000 11316
108040 11316
108080 11315
108120 11315
108160 11315
108200 11315
108240 11315
108280 11315
108320 11315
108360 11314
108400 11313
108440 11313
108480 11313
108520 11313
108560 11313
108600 11313
108640 11312
108680 11312
108720 11312
108760 11312
108800 11312
108840 11311
108880 11311
108920 11311
108960 11310
109000 11310
109040 11310
109080 11309
109120 11309
109160 11309
109200 11309
109240 11309
109280 11309
109320 11308
109360 11307
109400 11307
109440 11306
109480 11307
109520 11307
109560 11307
109600 11306
109640 11306
109680 11305
109720 11305
109760 11305
109800 11304
109840 11304
109880 11304
109920 11304
109960 11304
110000 11303
110040 11303
110080 11303
110120 11304
110160 11304
110200 11303
110240 11303
110280 11303
110320 11302
110360 11302
110400 11302
110440 11301
110480 11301
110520 11301
110560 11300
110600 11300
110640 11300
110680 11300
110720 11299
110760 11299
110800 11299
110840 11299
110880 11298
110920 11298
110960 11298
111000 11298
111040 11298
111080 11298
111120 11297
111160 11297
111200 11296
111240 11296
111280 11296
111320 11296
111360 11295
111400 11295
111440 11295
111480 11294
111520 11294
111560 11294
111600 11294
111640 11294
111680 11294
111720 11294
111760 11294
111800 11293
111840 11292
111880 11292
111920 11292
111960 11292
112000 11292
112040 11291
112080 11291
112120 11291
112160 11291
112200 11291
112240 11290
112280 11290
112320 11289
112360 11289
112400 11289
112440 11288
112480 11288
112520 11288
112560 11287
112600 11287
112640 11287
112680 11288
112720 11288
112760 11288
112800 11287
112840 11287
112880 11287
112920 11287
112960 11287
113000 11286
113040 11286
113080 11286
113120 11286
113160 11286
113200 11285
113240 11284
113280 11284
113320 11284
113360 11283
113400 11283
113440 11283
113480 11282
113520 11282
113560 11282
113600 11282
113640 11282
113680 11282
113720 11281
113760 11281
113800 11281
113840 11281
113880 11281
113920 11281
113960 11280
114000 11280
114040 11280
114080 11279
114120 11279
114160 11279
114200 11279
114240 11279
114280 11278
114320 11279
114360 11279
114400 11279
114440 11278
114480 11277
114520 11277
114560 11276
114600 11276
114640 11276
114680 11275
114720 11275
114760 11275
114800 11275
114840 11275
114880 11275
114920 11275
114960 11275
115000 11274
115040 11274
115080 11274
115120 11274
115160 11273
115200 11273
115240 11273
115280 11272
115320 11272
115360 11272
115400 11272
115440 11272
115480 11271
115520 11271
115560 11271
115600 11270
115640 11270
115680 11270
115720 11270
115760 11269
115800 11269
115840 11269
115880 11269
115920 11269
115960 11269
116000 11269
116040 11269
116080 11268
116120 11268
116160 11268
116200 11267
116240 11266
116280 11266
116320 11266
116360 11266
116400 11266
116440 11266
116480 11266
116520 11265
116560 11265
116600 11265
116640 11265
116680 11265
116720 11264
116760 11264
116800 11264
116840 11263
116880 11264
116920 11264
116960 11263
117000 11263
117040 11262
117080 11262
117120 11261
117160 11261
117200 11261
117240 11261
117280 11261
117320 11261
117360 11261
117400 11260
117440 11261
117480 11260
117520 11260
117560 11260
117600 11260
117640 11259
117680 11259
117720 11259
117760 11259
117800 11258
117840 11258
117880 11258
117920 11258
117960 11257
118000 11257
118040 11257
118080 11256
118120 11256
118160 11256
118200 11255
118240 11255
118280 11255
118320 11255
118360 11255
118400 11255
118440 11255
118480 11255
118520 11255
118560 11254
118600 11254
118640 11254
118680 11254
118720 11253
118760 11253
118800 11252
118840 11252
118880 11252
118920 11252
118960 11252
119000 11252
119040 11251
119080 11251
119120 11251
119160 11251
119200 11251
119240 11250
119280 11250
119320 11250
119360 11250
119400 11250
119440 11249
119480 11250
119520 11249
119560 11248
119600 11248
119640 11248
119680 11248
119720 11248
119760 11247
119800 11248
119840 11248
119880 11247
119920 11246
119960 11246
120000 11246
120040 11246
120080 11246
120120 11246
120160 11246
120200 11245
120240 11245
120280 11244
120320 11244
120360 11243
120400 11244
120440 11244
120480 11243
120520 11243
120560 11243
120600 11243
120640 11242
120680 11242
120720 11242
120760 11242
120800 11241
120840 11241
120880 11241
120920 11241
120960 11240
121000 11240
121040 11241
121080 11240
121120 11240
121160 11240
121200 11240
121240 11240
121280 11240
121320 11239
121360 11239
121400 11239
121440 11239
121480 11238
121520 11238
121560 11238
121600 11238
121640 11238
121680 11237
121720 11237
121760 11237
121800 11236
121840 11237
121880 11237
121920 11237
121960 11237
122000 11236
122040 11236
122080 11236
122120 11235
122160 11235
122200 11234
122240 11234
122280 11234
122320 11233
122360 11233
122400 11233
122440 11233
122480 11233
122520 11233
122560 11233
122600 11233
122640 11233
122680 11233
122720 11232
122760 11232
122800 11232
122840 11231
122880 11231
122920 11231
122960 11231
123000 11230
123040 11229
123080 11229
123120 11229
123160 11229
123200 11229
123240 11229
123280 11229
123320 11228
123360 11228
123400 11228
123440 11228
123480 11228
123520 11228
123560 11228
123600 11228
123640 11227
123680 11227
123720 11227
123760 11226
123800 11226
123840 11226
123880 11226
123920 11226
123960 11226
124000 11226
124040 11225
124080 11225
124120 11226
124160 11226
124200 11225
124240 11224
124280 11224
124320 11224
124360 11223
124400 11223
124440 11223
124480 11222
124520 11222
124560 11222
124600 11222
124640 11222
124680 11221
124720 11221
124760 11221
124800 11221
124840 11221
124880 11221
124920 11220
124960 11220
125000 11220
125040 11220
125080 11219
125120 11219
125160 11219
125200 11218
125240 11218
125280 11218
125320 11218
125360 11218
125400 11218
125440 11217
125480 11218
125520 11217
125560 11217
125600 11217
125640 11217
125680 11217
125720 11217
125760 11216
125800 11216
125840 11216
125880 11216
125920 11216
125960 11215
126000 11215
126040 11215
126080 11215
126120 11215
126160 11215
126200 11215
126240 11214
126280 11214
126320 11214
126360 11213
126400 11213
126440 11213
126480 11213
126520 11213
126560 11213
126600 11212
126640 11212
126680 11211
126720 11212
126760 11211
126800 11211
126840 11211
126880 11210
126920 11210
126960 11210
127000 11210
127040 11210
127080 11210
127120 11210
127160 11209
127200 11209
127240 11209
127280 11209
127320 11209
127360 11208
127400 11208
127440 11207
127480 11207
127520 11207
127560 11207
127600 11207
127640 11206
127680 11207
127720 11207
127760 11206
127800 11206
127840 11206
127880 11206
127920 11206
127960 11205
128000 11206
128040 11205
128080 11205
128120 11205
128160 11204
128200 11205
128240 11204
128280 11204
128320 11205
128360 11204
128400 11204
128440 11203
128480 11203
128520 11203
128560 11203
128600 11202
128640 11202
128680 11202
128720 11202
128760 11202
128800 11201
128840 11201
128880 11201
128920 11201
128960 11200
129000 11200
129040 11200
129080 11200
129120 11200
129160 11200
129200 11200
129240 11199
129280 11199
129320 11199
129360 11199
129400 11199
129440 11198
129480 11198
129520 11198
129560 11198
129600 11197
129640 11197
129680 11198
129720 11197
129760 11196
129800 11196
129840 11196
129880 11196
129920 11196
129960 11195
130000 11195
130040 11195
130080 11195
130120 11195
130160 11196
130200 11196
130240 11195
130280 11195
130320 11195
130360 11194
130400 11194
130440 11193
130480 11193
130520 11193
130560 11192
130600 11192
130640 11192
130680 11191
130720 11191
130760 11191
130800 11191
130840 11191
130880 11191
130920 11191
130960 11191
131000 11191
131040 11191
131080 11191
131120 11190
131160 11190
131200 11190
131240 11190
131280 11189
131320 11190
131360 11189
131400 11189
131440 11189
131480 11189
131520 11189
131560 11189
131600 11188
131640 11188
131680 11188
131720 11188
131760 11188
131800 11188
131840 11187
131880 11187
131920 11187
131960 11187
132000 11186
132040 11186
132080 11185
132120 11185
132160 11185
132200 11185
132240 11184
132280 11184
132320 11184
132360 11184
132400 11184
132440 11184
132480 11184
132520 11184
132560 11184
132600 11183
132640 11183
132680 11183
132720 11182
132760 11182
132800 11182
132840 11182
132880 11182
132920 11182
132960 11182
133000 11182
133040 11182
133080 11182
133120 11182
133160 11181
133200 11180
133240 11180
133280 11181
133320 11180
133360 11180
133400 11180
133440 11180
133480 11180
133520 11180
133560 11179
133600 11179
133640 11179
133680 11178
133720 11178
133760 11178
133800 11178
133840 11178
133880 11179
133920 11178
133960 11178
134000 11178
134040 11177
134080 11177
134120 11177
134160 11177
134200 11176
134240 11176
134280 11176
134320 11175
134360 11175
134400 11175
134440 11175
134480 11175
134520 11175
134560 11175
134600 11175
134640 11175
134680 11174
134720 11174
134760 11174
134800 11173
134840 11173
134880 11173
134920 11173
134960 11173
135000 11172
135040 11172
135080 11172
135120 11171
135160 11172
135200 11172
135240 11171
135280 11171
135320 11171
135360 11171
135400 11171
135440 11171
135480 11171
135520 11171
135560 11171
135600 11170
135640 11170
135680 11169
135720 11169
135760 11168
135800 11168
135840 11168
135880 11168
135920 11168
135960 11168
136000 11167
136040 11167
136080 11167
136120 11167
136160 11167
136200 11167
136240 11167
136280 11167
136320 11167
136360 11167
136400 11167
136440 11167
136480 11166
136520 11166
136560 11166
136600 11166
136640 11166
136680 11165
136720 11165
136760 11164
136800 11164
136840 11164
136880 11164
136920 11164
136960 11164
137000 11164
137040 11164
137080 11164
137120 11164
137160 11164
137200 11163
137240 11163
137280 11162
137320 11162
137360 11162
137400 11162
137440 11162
137480 11162
137520 11162
137560 11161
137600 11161
137640 11160
137680 11160
137720 11160
137760 11160
137800 11159
137840 11159
137880 11159
137920 11159
137960 11159
138000 11159
138040 11159
138080 11159
138120 11159
138160 11160
138200 11159
138240 11159
138280 11158
138320 11158
138360 11158
138400 11158
138440 11158
138480 11158
138520 11158
138560 11158
138600 11157
138640 11156
138680 11157
138720 11156
138760 11156
138800 11156
138840 11155
138880 11155
138920 11155
138960 11155
139000 11155
139040 11155
139080 11154
139120 11155
139160 11154
139200 11154
139240 11154
139280 11153
139320 11154
139360 11154
139400 11154
139440 11153
139480 11153
139520 11153
139560 11153
139600 11152
139640 11152
139680 11153
139720 11153
139760 11153
139800 11152
139840 11152
139880 11151
139920 11151
139960 11151
140000 11150
140040 11150
140080 11151
140120 11150
140160 11150
140200 11150
140240 11150
140280 11150
140320 11149
140360 11149
140400 11149
140440 11149
140480 11149
140520 11149
140560 11149
140600 11149
140640 11148
140680 11148
140720 11148
140760 11147
140800 11146
140840 11146
140880 11146
140920 11146
140960 11146
141000 11146
141040 11146
141080 11146
141120 11146
141160 11146
141200 11146
141240 11146
141280 11146
141320 11145
141360 11145
141400 11145
141440 11145
141480 11145
141520 11144
141560 11144
141600 11144
141640 11144
141680 11143
141720 11143
141760 11142
141800 11143
141840 11143
141880 11142
141920 11142
141960 11142
142000 11142
142040 11142
142080 11142
142120 11142
142160 11142
142200 11143
142240 11142
142280 11142
142320 11141
142360 11141
142400 11141
142440 11141
142480 11141
142520 11141
142560 11140
142600 11140
142640 11140
142680 11139
142720 11139
142760 11139
142800 11139
142840 11138
142880 11138
142920 11138
142960 11138
143000 11137
143040 11138
143080 11138
143120 11137
143160 11137
143200 11137
143240 11137
143280 11137
143320 11137
143360 11137
143400 11137
143440 11137
143480 11136
143520 11136
143560 11136
143600 11136
143640 11135
143680 11135
143720 11135
143760 11135
143800 11135
143840 11135
143880 11135
143920 11135
143960 11134
144000 11134
144040 11134
144080 11134
144120 11133
144160 11133
144200 11133
144240 11133
144280 11133
144320 11133
144360 11132
144400 11132
144440 11131
144480 11131
144520 11131
144560 11132
144600 11132
144640 11131
144680 11131
144720 11131
144760 11131
144800 11131
144840 11131
144880 11130
144920 11131
144960 11130
145000 11130
145040 11130
145080 11130
145120 11130
145160 11129
145200 11129
145240 11129
145280 11128
145320 11129
145360 11129
145400 11128
145440 11128
145480 11128
145520 11128
145560 11128
145600 11128
145640 11128
145680 11128
145720 11127
145760 11127
145800 11127
145840 11126
145880 11126
145920 11126
145960 11126
146000 11125
146040 11125
146080 11125
146120 11125
146160 11125
146200 11125
146240 11125
146280 11125
146320 11125
146360 11125
146400 11124
146440 11124
146480 11124
146520 11124
146560 11124
146600 11124
146640 11124
146680 11123
146720 11123
146760 11123
146800 11123
146840 11123
146880 11123
146920 11122
146960 11122
147000 11122
147040 11121
147080 11121
147120 11121
147160 11121
147200 11121
147240 11121
147280 11121
147320 11121
147360 11121
147400 11120
147440 11120
147480 11120
147520 11120
147560 11120
147600 11119
147640 11119
147680 11119
147720 11119
147760 11118
147800 11118
147840 11118
147880 11118
147920 11117
147960 11117
148000 11117
148040 11117
148080 11117
148120 11117
148160 11117
148200 11117
148240 11117
148280 11117
148320 11116
148360 11117
148400 11116
148440 11116
148480 11116
148520 11115
148560 11115
148600 11115
148640 11115
148680 11115
148720 11115
148760 11115
148800 11114
148840 11114
148880 11114
148920 11114
148960 11114
149000 11114
149040 11114
149080 11114
149120 11114
149160 11113
149200 11113
149240 11113
149280 11113
149320 11112
149360 11112
149400 11112
149440 11111
149480 11111
149520 11111
149560 11112
149600 11111
149640 11111
149680 11112
149720 11111
149760 11111
149800 11111
149840 11111
149880 11110
149920 11110
149960 11110
150000 11110
150040 11110
150080 11110
150120 11109
150160 11109
150200 11109
150240 11109
150280 11108
150320 11108
150360 11108
150400 11108
150440 11108
150480 11108
150520 11107
150560 11107
150600 11107
150640 11107
150680 11107
150720 11107
150760 11107
150800 11106
150840 11106
150880 11106
150920 11106
150960 11106
151000 11106
151040 11106
151080 11106
151120 11105
151160 11105
151200 11105
151240 11105
151280 11105
151320 11104
151360 11104
151400 11104
151440 11104
151480 11104
151520 11104
151560 11104
151600 11103
151640 11103
151680 11103
151720 11103
151760 11103
151800 11102
151840 11103
151880 11102
151920 11102
151960 11102
152000 11102
152040 11102
152080 11102
152120 11101
152160 11100
152200 11100
152240 11100
152280 11100
152320 11100
152360 11100
152400 11100
152440 11100
152480 11099
152520 11099
152560 11100
152600 11100
152640 11100
152680 11100
152720 11100
152760 11099
152800 11099
152840 11099
152880 11098
152920 11098
152960 11098
153000 11098
153040 11097
153080 11097
153120 11098
153160 11097
153200 11097
153240 11097
153280 11096
153320 11096
153360 11096
153400 11096
153440 11096
153480 11096
153520 11096
153560 11096
153600 11096
153640 11096
153680 11096
153720 11096
153760 11095
153800 11095
153840 11095
153880 11095
153920 11094
153960 11094
154000 11094
154040 11094
154080 11094
154120 11093
154160 11093
154200 11092
154240 11093
154280 11092
154320 11092
154360 11092
154400 11092
154440 11092
154480 11092
154520 11092
154560 11092
154600 11092
154640 11092
154680 11091
154720 11091
154760 11091
154800 11091
154840 11091
154880 11091
154920 11091
154960 11090
155000 11090
155040 11090
155080 11090
155120 11090
155160 11089
155200 11089
155240 11089
155280 11089
155320 11089
155360 11088
155400 11088
155440 11088
155480 11088
155520 11087
155560 11087
155600 11087
155640 11087
155680 11087
155720 11087
155760 11087
155800 11087
155840 11087
155880 11087
155920 11087
155960 11086
156000 11086
156040 11086
156080 11085
156120 11085
156160 11085
156200 11085
156240 11085
156280 11085
156320 11085
156360 11084
156400 11084
156440 11084
156480 11084
156520 11083
156560 11083
156600 11084
156640 11083
156680 11083
156720 11083
156760 11083
156800 11083
156840 11083
156880 11083
156920 11083
156960 11082
157000 11082
157040 11082
157080 11082
157120 11082
157160 11082
157200 11082
157240 11082
157280 11082
157320 11082
157360 11082
157400 11081
157440 11081
157480 11081
157520 11081
157560 11080
157600 11079
157640 11079
157680 11079
157720 11079
157760 11079
157800 11079
157840 11078
157880 11078
157920 11078
157960 11078
158000 11078
158040 11078
158080 11079
158120 11078
158160 11078
158200 11077
158240 11078
158280 11078
158320 11078
158360 11078
158400 11077
158440 11076
158480 11076
158520 11076
158560 11076
158600 11077
158640 11076
158680 11077
158720 11076
158760 11076
158800 11075
158840 11075
158880 11075
158920 11075
158960 11075
159000 11074
159040 11075
159080 11074
159120 11074
159160 11074
159200 11074
159240 11074
159280 11073
159320 11073
159360 11073
159400 11073
159440 11073
159480 11073
159520 11073
159560 11073
159600 11072
159640 11072
159680 11072
159720 11072
159760 11072
159800 11071
159840 11071
159880 11071
159920 11071
159960 11071
160000 11071
160040 11070
160080 11070
160120 11070
160160 11069
160200 11070
160240 11069
160280 11069
160320 11069
160360 11069
160400 11069
160440 11069
160480 11070
160520 11069
160560 11069
160600 11068
160640 11068
160680 11068
160720 11068
160760 11068
160800 11068
160840 11068
160880 11068
160920 11067
160960 11067
161000 11067
161040 11067
161080 11067
161120 11066
161160 11066
161200 11066
161240 11066
161280 11065
161320 11065
161360 11065
161400 11066
161440 11065
161480 11065
161520 11065
161560 11065
161600 11064
161640 11064
161680 11064
161720 11063
161760 11063
161800 11063
161840 11064
161880 11063
161920 11063
161960 11063
162000 11063
162040 11062
162080 11063
162120 11062
162160 11062
162200 11062
162240 11062
162280 11062
162320 11062
162360 11062
162400 11061
162440 11062
162480 11062
162520 11062
162560 11061
162600 11061
162640 11061
162680 11061
162720 11060
162760 11060
162800 11060
162840 11060
162880 11060
162920 11060
162960 11060
163000 11059
163040 11059
163080 11059
163120 11059
163160 11059
163200 11058
163240 11058
163280 11057
163320 11057
163360 11058
163400 11057
163440 11058
163480 11057
163520 11057
163560 11057
163600 11057
163640 11057
163680 11057
163720 11057
163760 11056
163800 11057
163840 11056
163880 11056
163920 11056
163960 11055
164000 11055
164040 11055
164080 11055
164120 11055
164160 11054
164200 11055
164240 11055
164280 11055
164320 11054
164360 11054
164400 11054
164440 11054
164480 11054
164520 11054
164560 11054
164600 11053
164640 11053
164680 11053
164720 11052
164760 11052
164800 11052
164840 11052
164880 11052
164920 11052
164960 11052
165000 11052
165040 11051
165080 11050
165120 11051
165160 11051
165200 11051
165240 11050
165280 11051
165320 11051
165360 11050
165400 11050
165440 11050
165480 11050
165520 11050
165560 11050
165600 11050
165640 11050
165680 11050
165720 11049
165760 11049
165800 11049
165840 11048
165880 11048
165920 11048
165960 11048
166000 11048
166040 11048
166080 11048
166120 11048
166160 11047
166200 11048
166240 11047
166280 11047
166320 11047
166360 11047
166400 11046
166440 11046
166480 11046
166520 11046
166560 11046
166600 11046
166640 11045
166680 11045
166720 11045
166760 11044
166800 11044
166840 11044
166880 11044
166920 11044
166960 11044
167000 11044
167040 11044
167080 11044
167120 11044
167160 11044
167200 11044
167240 11044
167280 11043
167320 11044
167360 11043
167400 11043
167440 11043
167480 11043
167520 11043
167560 11043
167600 11043
167640 11043
167680 11042
167720 11042
167760 11041
167800 11041
167840 11041
167880 11040
167920 11040
167960 11041
168000 11041
168040 11040
168080 11041
168120 11040
168160 11040
168200 11040
168240 11040
168280 11039
168320 11039
168360 11039
168400 11039
168440 11038
168480 11038
168520 11037
168560 11038
168600 11038
168640 11038
168680 11038
168720 11038
168760 11037
168800 11037
168840 11038
168880 11038
168920 11037
168960 11038
169000 11037
169040 11037
169080 11037
169120 11037
169160 11036
169200 11036
169240 11036
169280 11036
169320 11036
169360 11035
169400 11035
169440 11035
169480 11035
169520 11035
169560 11035
169600 11034
169640 11034
169680 11034
169720 11034
169760 11033
169800 11033
169840 11033
169880 11033
169920 11033
169960 11033
170000 11033
170040 11033
170080 11032
170120 11032
170160 11033
170200 11032
170240 11032
170280 11032
170320 11032
170360 11032
170400 11032
170440 11032
170480 11031
170520 11031
170560 11031
170600 11031
170640 11030
170680 11030
170720 11031
170760 11030
170800 11030
170840 11030
170880 11029
170920 11029
170960 11029
171000 11029
171040 11029
171080 11029
171120 11029
171160 11029
171200 11029
171240 11028
171280 11028
171320 11028
171360 11028
171400 11028
171440 11028
171480 11027
171520 11027
171560 11027
171600 11027
171640 11027
171680 11027
171720 11027
171760 11027
171800 11027
171840 11027
171880 11027
171920 11026
171960 11027
172000 11027
172040 11027
172080 11027
172120 11027
172160 11026
172200 11026
172240 11025
172280 11025
172320 11025
172360 11025
172400 11025
172440 11025
172480 11025
172520 11024
172560 11024
172600 11024
172640 11024
172680 11023
172720 11023
172760 11023
172800 11023
172840 11022
172880 11022
172920 11022
172960 11021
173000 11021
173040 11021
173080 11022
173120 11021
173160 11021
173200 11021
173240 11020
173280 11020
173320 11021
173360 11020
173400 11019
173440 11019
173480 11019
173520 11019
173560 11020
173600 11020
173640 11020
173680 11020
173720 11020
173760 11020
173800 11020
173840 11020
173880 11020
173920 11019
173960 11019
174000 11019
174040 11019
174080 11018
174120 11018
174160 11017
174200 11017
174240 11017
174280 11017
174320 11017
174360 11017
174400 11017
174440 11017
174480 11017
174520 11017
174560 11017
174600 11017
174640 11016
174680 11016
174720 11016
174760 11015
174800 11015
174840 11015
174880 11015
174920 11015
174960 11015
175000 11014
175040 11014
175080 11015
175120 11014
175160 11014
175200 11014
175240 11014
175280 11014
175320 11014
175360 11013
175400 11013
175440 11013
175480 11013
175520 11013
175560 11013
175600 11013
175640 11014
175680 11013
175720 11013
175760 11013
175800 11012
175840 11012
175880 11011
175920 11011
175960 11012
176000 11011
176040 11011
176080 11010
176120 11010
176160 11010
176200 11010
176240 11010
176280 11010
176320 11011
176360 11010
176400 11010
176440 11010
176480 11010
176520 11010
176560 11009
176600 11009
176640 11009
176680 11008
176720 11009
176760 11009
176800 11009
176840 11009
176880 11009
176920 11009
176960 11008
177000 11008
177040 11008
177080 11008
177120 11008
177160 11007
177200 11007
177240 11007
177280 11007
177320 11007
177360 11007
177400 11006
177440 11006
177480 11006
177520 11006
177560 11006
177600 11006
177640 11006
177680 11005
177720 11005
177760 11005
177800 11005
177840 11004
177880 11004
177920 11004
177960 11004
178000 11004
178040 11004
178080 11003
178120 11004
178160 11004
178200 11004
178240 11003
178280 11003
178320 11003
178360 11002
178400 11002
178440 11002
178480 11002
178520 11003
178560 11002
178600 11002
178640 11002
178680 11002
178720 11002
178760 11002
178800 11002
178840 11002
178880 11001
178920 11001
178960 11001
179000 11001
179040 11001
179080 11001
179120 11001
179160 11000
179200 11000
179240 10999
179280 10999
179320 10999
179360 10999
179400 10999
179440 10999
179480 10999
179520 11000
179560 10999
179600 10999
179640 10999
179680 10999
179720 10998
179760 10998
179800 10998
179840 10998
179880 10998
179920 10998
179960 10998
180000 10997
180040 10997
180080 10997
180120 10997
180160 10996
180200 10996
180240 10995
180280 10995
180320 10995
180360 10995
180400 10995
180440 10995
180480 10995
180520 10995
180560 10995
180600 10995
180640 10995
180680 10995
180720 10995
180760 10995
180800 10995
180840 10995
180880 10995
180920 10994
180960 10994
181000 10993
181040 10993
181080 10993
181120 10993
181160 10994
181200 10993
181240 10993
181280 10993
181320 10993
181360 10992
181400 10992
181440 10992
181480 10992
181520 10992
181560 10992
181600 10992
181640 10992
181680 10992
181720 10992
181760 10992
181800 10992
181840 10991
181880 10991
181920 10990
181960 10991
182000 10990
182040 10990
182080 10990
182120 10989
182160 10990
182200 10989
182240 10989
182280 10989
182320 10989
182360 10989
182400 10988
182440 10988
182480 10988
182520 10988
182560 10988
182600 10988
182640 10988
182680 10988
182720 10988
182760 10987
182800 10987
182840 10987
182880 10987
182920 10987
182960 10987
183000 10987
183040 10987
183080 10987
183120 10987
183160 10987
183200 10987
183240 10987
183280 10986
183320 10986
183360 10985
183400 10985
183440 10985
183480 10985
183520 10985
183560 10985
183600 10985
183640 10985
183680 10985
183720 10985
183760 10985
183800 10984
183840 10984
183880 10984
183920 10984
183960 10984
184000 10984
184040 10983
184080 10982
184120 10983
184160 10983
184200 10983
184240 10982
184280 10982
184320 10982
184360 10983
184400 10983
184440 10983
184480 10983
184520 10982
184560 10982
184600 10982
184640 10981
184680 10981
184720 10981
184760 10982
184800 10982
184840 10982
184880 10982
184920 10981
184960 10980
185000 10980
185040 10980
185080 10980
185120 10979
185160 10979
185200 10978
185240 10978
185280 10978
185320 10978
185360 10978
185400 10978
185440 10978
185480 10978
185520 10978
185560 10978
185600 10978
185640 10978
185680 10977
185720 10978
185760 10978
185800 10977
185840 10977
185880 10977
185920 10977
185960 10977
186000 10978
186040 10977
186080 10977
186120 10977
186160 10977
186200 10976
186240 10976
186280 10976
186320 10975
186360 10975
186400 10975
186440 10975
186480 10975
186520 10975
186560 10975
186600 10974
186640 10974
186680 10975
186720 10975
186760 10975
186800 10975
186840 10975
186880 10975
186920 10975
186960 10974
187000 10974
187040 10974
187080 10973
187120 10973
187160 10972
187200 10972
187240 10972
187280 10972
187320 10972
187360 10972
187400 10971
187440 10971
187480 10971
187520 10971
187560 10971
187600 10971
187640 10971
187680 10971
187720 10971
187760 10971
187800 10971
187840 10971
187880 10971
187920 10971
187960 10970
188000 10970
188040 10970
188080 10971
188120 10970
188160 10970
188200 10971
188240 10970
188280 10970
188320 10970
188360 10970
188400 10970
188440 10970
188480 10969
188520 10969
188560 10969
188600 10969
188640 10968
188680 10968
188720 10968
188760 10967
188800 10967
188840 10967
188880 10968
188920 10967
188960 10967
189000 10967
189040 10966
189080 10966
189120 10966
189160 10966
189200 10966
189240 10965
189280 10965
189320 10965
189360 10965
189400 10966
189440 10966
189480 10965
189520 10965
189560 10965
189600 10965
189640 10965
189680 10965
189720 10965
189760 10965
189800 10965
189840 10965
189880 10965
189920 10964
189960 10964
190000 10964
190040 10964
190080 10964
190120 10963
190160 10963
190200 10963
190240 10963
190280 10963
190320 10962
190360 10962
190400 10962
190440 10962
190480 10962
190520 10961
190560 10961
190600 10961
190640 10961
190680 10961
190720 10961
190760 10961
190800 10961
190840 10961
190880 10961
190920 10961
190960 10961
191000 10961
191040 10960
191080 10960
191120 10960
191160 10961
191200 10960
191240 10960
191280 10959
191320 10959
191360 10960
191400 10959
191440 10959
191480 10958
191520 10959
191560 10959
191600 10958
191640 10958
191680 10958
191720 10958
191760 10958
191800 10958
191840 10958
191880 10958
191920 10958
191960 10958
192000 10957
192040 10957
192080 10957
192120 10957
192160 10957
192200 10957
192240 10957
192280 10956
192320 10956
192360 10956
192400 10956
192440 10956
192480 10956
192520 10956
192560 10956
192600 10956
192640 10956
192680 10956
192720 10955
192760 10955
192800 10955
192840 10955
192880 10954
192920 10954
192960 10954
193000 10954
193040 10955
193080 10955
193120 10954
193160 10954
193200 10953
193240 10954
193280 10953
193320 10954
193360 10954
193400 10954
193440 10953
193480 10952
193520 10952
193560 10952
193600 10952
193640 10952
193680 10952
193720 10952
193760 10951
193800 10951
193840 10951
193880 10951
193920 10951
193960 10951
194000 10951
194040 10950
194080 10951
194120 10951
194160 10952
194200 10951
194240 10951
194280 10950
194320 10950
194360 10950
194400 10950
194440 10949
194480 10950
194520 10950
194560 10950
194600 10949
194640 10950
194680 10950
194720 10949
194760 10949
194800 10949
194840 10949
194880 10949
194920 10949
194960 10948
195000 10948
195040 10948
195080 10948
195120 10948
195160 10948
195200 10947
195240 10947
195280 10948
195320 10947
195360 10947
195400 10947
195440 10946
195480 10946
195520 10946
195560 10946
195600 10946
195640 10946
195680 10946
195720 10946
195760 10946
195800 10946
195840 10945
195880 10945
195920 10946
195960 10945
196000 10945
196040 10945
196080 10945
196120 10944
196160 10944
196200 10944
196240 10944
196280 10944
196320 10944
196360 10944
196400 10944
196440 10944
196480 10944
196520 10944
196560 10944
196600 10943
196640 10943
196680 10943
196720 10942
196760 10942
196800 10942
196840 10942
196880 10943
196920 10942
196960 10942
197000 10942
197040 10942
197080 10942
197120 10942
197160 10942
197200 10941
197240 10941
197280 10941
197320 10941
197360 10941
197400 10941
197440 10941
197480 10941
197520 10941
197560 10940
197600 10940
197640 10940
197680 10940
197720 10940
197760 10939
197800 10939
197840 10939
197880 10940
197920 10940
197960 10940
198000 10939
198040 10939
198080 10939
198120 10938
198160 10939
198200 10939
198240 10939
198280 10939
198320 10939
198360 10938
198400 10938
198440 10938
198480 10938
198520 10938
198560 10938
198600 10938
198640 10937
198680 10937
198720 10937
198760 10937
198800 10937
198840 10936
198880 10936
198920 10937
198960 10936
199000 10936
199040 10936
199080 10935
199120 10935
199160 10935
199200 10935
199240 10935
199280 10935
199320 10935
199360 10935
199400 10935
199440 10935
199480 10935
199520 10934
199560 10934
199600 10934
199640 10934
199680 10934
199720 10934
199760 10934
199800 10934
199840 10934
199880 10933
199920 10933
199960 10933
200000 10933
200040 10933
200080 10933
200120 10933
200160 10932
200200 10932
200240 10932
200280 10932
200320 10932
200360 10933
200400 10933
200440 10933
200480 10933
200520 10933
200560 10932
200600 10932
200640 10932
200680 10932
200720 10932
200760 10932
200800 10932
200840 10932
200880 10932
200920 10931
200960 10931
201000 10931
201040 10931
201080 10931
201120 10931
201160 10931
201200 10930
201240 10930
201280 10931
201320 10930
201360 10930
201400 10929
201440 10930
201480 10930
201520 10929
201560 10929
201600 10929
201640 10929
201680 10928
201720 10928
201760 10928
201800 10928
201840 10928
201880 10928
201920 10928
201960 10927
202000 10927
202040 10927
202080 10927
202120 10928
202160 10927
202200 10927
202240 10927
202280 10926
202320 10926
202360 10926
202400 10927
202440 10927
202480 10927
202520 10927
202560 10927
202600 10927
202640 10927
202680 10927
202720 10926
202760 10926
202800 10926
202840 10926
202880 10926
202920 10926
202960 10925
203000 10925
203040 10924
203080 10924
203120 10924
203160 10925
203200 10924
203240 10924
203280 10924
203320 10923
203360 10924
203400 10924
203440 10923
203480 10924
203520 10924
203560 10923
203600 10923
203640 10923
203680 10923
203720 10923
203760 10923
203800 10922
203840 10922
203880 10922
203920 10922
203960 10922
204000 10922
204040 10922
204080 10922
204120 10922
204160 10923
204200 10922
204240 10922
204280 10922
204320 10921
204360 10921
204400 10920
204440 10920
204480 10920
204520 10920
204560 10920
204600 10920
204640 10920
204680 10920
204720 10920
204760 10920
204800 10920
204840 10920
204880 10920
204920 10920
204960 10920
205000 10920
205040 10920
205080 10920
205120 10920
205160 10920
205200 10919
205240 10918
205280 10918
205320 10918
205360 10917
205400 10918
205440 10918
205480 10918
205520 10918
205560 10918
205600 10918
205640 10919
205680 10919
205720 10919
205760 10918
205800 10918
205840 10918
205880 10917
205920 10917
205960 10917
206000 10917
206040 10917
206080 10916
206120 10916
206160 10916
206200 10915
206240 10916
206280 10915
206320 10915
206360 10915
206400 10915
206440 10915
206480 10915
206520 10916
206560 10916
206600 10916
206640 10916
206680 10916
206720 10916
206760 10916
206800 10916
206840 10916
206880 10915
206920 10915
206960 10914
207000 10914
207040 10914
207080 10913
207120 10913
207160 10913
207200 10913
207240 10913
207280 10913
207320 10912
207360 10912
207400 10912
207440 10912
207480 10912
207520 10912
207560 10912
207600 10912
207640 10912
207680 10912
207720 10911
207760 10912
207800 10912
207840 10912
207880 10912
207920 10912
207960 10912
208000 10912
208040 10912
208080 10912
208120 10912
208160 10911
208200 10911
208240 10912
208280 10911
208320 10911
208360 10911
208400 10911
208440 10911
208480 10910
208520 10911
208560 10911
208600 10910
208640 10910
208680 10910
208720 10909
208760 10909
208800 10909
208840 10909
208880 10909
208920 10909
208960 10909
209000 10909
209040 10908
209080 10908
209120 10908
209160 10909
209200 10908
209240 10908
209280 10907
209320 10908
209360 10907
209400 10907
209440 10907
209480 10906
209520 10907
209560 10907
209600 10907
209640 10907
209680 10906
209720 10907
209760 10907
209800 10907
209840 10907
209880 10907
209920 10907
209960 10907
210000 10907
210040 10906
210080 10907
210120 10906
210160 10906
210200 10906
210240 10906
210280 10906
210320 10906
210360 10905
210400 10905
210440 10905
210480 10904
210520 10905
210560 10905
210600 10905
210640 10904
210680 10904
210720 10904
210760 10904
210800 10904
210840 10904
210880 10905
210920 10904
210960 10903
211000 10903
211040 10903
211080 10904
211120 10904
211160 10904
211200 10903
211240 10903
211280 10903
211320 10903
211360 10903
211400 10903
211440 10903
211480 10902
211520 10902
211560 10902
211600 10902
211640 10902
211680 10902
211720 10901
211760 10902
211800 10902
211840 10901
211880 10901
211920 10901
211960 10901
212000 10902
212040 10901
212080 10901
212120 10901
212160 10902
212200 10902
212240 10902
212280 10901
212320 10901
212360 10901
212400 10900
212440 10900
212480 10899
212520 10899
212560 10899
212600 10899
212640 10899
212680 10899
212720 10899
212760 10899
212800 10899
212840 10899
212880 10899
212920 10899
212960 10899
213000 10899
213040 10898
213080 10898
213120 10898
213160 10898
213200 10898
213240 10898
213280 10898
213320 10897
213360 10897
213400 10897
213440 10898
213480 10898
213520 10898
213560 10898
213600 10898
213640 10898
213680 10898
213720 10898
213760 10898
213800 10897
213840 10896
213880 10896
213920 10896
213960 10896
214000 10896
214040 10896
214080 10896
214120 10896
214160 10896
214200 10896
214240 10896
214280 10896
214320 10896
214360 10895
214400 10895
214440 10895
214480 10895
214520 10894
214560 10894
214600 10894
214640 10893
214680 10894
214720 10893
214760 10893
214800 10894
214840 10894
214880 10894
214920 10894
214960 10894
215000 10895
215040 10894
215080 10894
215120 10894
215160 10894
215200 10893
215240 10893
215280 10893
215320 10893
215360 10892
215400 10892
215440 10892
215480 10893
215520 10893
215560 10893
215600 10893
215640 10892
215680 10892
215720 10892
215760 10891
215800 10891
215840 10891
215880 10891
215920 10891
215960 10891
216000 10891
216040 10891
216080 10891
216120 10891
216160 10891
216200 10891
216240 10891
216280 10890
216320 10890
216360 10890
216400 10890
216440 10890
216480 10890
216520 10890
216560 10890
216600 10890
216640 10890
216680 10890
216720 10890
216760 10889
216800 10889
216840 10889
216880 10889
216920 10888
216960 10888
217000 10888
217040 10888
217080 10888
217120 10888
217160 10888
217200 10889
217240 10889
217280 10888
217320 10888
217360 10888
217400 10888
217440 10888
217480 10888
217520 10888
217560 10887
217600 10887
217640 10887
217680 10887
217720 10887
217760 10887
217800 10886
217840 10886
217880 10886
217920 10886
217960 10886
218000 10886
218040 10886
218080 10886
218120 10885
218160 10885
218200 10885
218240 10885
218280 10886
218320 10886
218360 10886
218400 10886
218440 10886
218480 10886
218520 10886
218560 10885
218600 10885
218640 10885
218680 10885
218720 10885
218760 10884
218800 10884
218840 10884
218880 10884
218920 10884
218960 10884
219000 10883
219040 10883
219080 10883
219120 10884
219160 10883
219200 10883
219240 10883
219280 10884
219320 10884
219360 10884
219400 10884
219440 10883
219480 10882
219520 10882
219560 10882
219600 10882
219640 10882
219680 10882
219720 10882
219760 10881
219800 10881
219840 10881
219880 10881
219920 10881
219960 10881
220000 10881
220040 10881
220080 10881
220120 10881
220160 10881
220200 10881
220240 10881
220280 10880
220320 10880
220360 10880
220400 10880
220440 10880
220480 10881
220520 10881
220560 10880
220600 10880
220640 10880
220680 10880
220720 10879
220760 10879
220800 10879
220840 10879
220880 10879
220920 10879
220960 10878
221000 10878
221040 10878
221080 10879
221120 10879
221160 10879
221200 10879
221240 10879
221280 10879
221320 10879
221360 10879
221400 10878
221440 10878
221480 10879
221520 10879
221560 10878
221600 10878
221640 10878
221680 10877
221720 10877
221760 10876
221800 10876
221840 10876
221880 10876
221920 10876
221960 10876
222000 10876
222040 10876
222080 10876
222120 10876
222160 10876
222200 10876
222240 10876
222280 10875
222320 10875
222360 10875
222400 10875
222440 10875
222480 10875
222520 10875
222560 10875
222600 10875
222640 10875
222680 10875
222720 10874
222760 10875
222800 10875
222840 10875
222880 10876
222920 10876
222960 10875
223000 10875
223040 10874
223080 10874
223120 10874
223160 10874
223200 10874
223240 10874
223280 10874
223320 10874
223360 10873
223400 10874
223440 10873
223480 10873
223520 10873
223560 10872
223600 10872
223640 10872
223680 10872
223720 10872
223760 10872
223800 10872
223840 10872
223880 10872
223920 10872
223960 10872
224000 10872
224040 10871
224080 10871
224120 10871
224160 10871
224200 10871
224240 10871
224280 10871
224320 10871
224360 10871
224400 10871
224440 10871
224480 10872
224520 10871
224560 10871
224600 10871
224640 10870
224680 10870
224720 10870
224760 10870
224800 10870
224840 10870
224880 10870
224920 10870
224960 10870
225000 10870
225040 10869
225080 10869
225120 10869
225160 10870
225200 10870
225240 10869
225280 10869
225320 10869
225360 10869
225400 10868
225440 10869
225480 10869
225520 10869
225560 10868
225600 10868
225640 10868
225680 10868
225720 10869
225760 10868
225800 10868
225840 10868
225880 10868
225920 10868
225960 10867
226000 10867
226040 10867
226080 10867
226120 10867
226160 10866
226200 10866
226240 10867
226280 10867
226320 10866
226360 10866
226400 10866
226440 10866
226480 10866
226520 10866
226560 10866
226600 10866
226640 10865
226680 10865
226720 10865
226760 10866
226800 10866
226840 10865
226880 10865
226920 10865
226960 10865
227000 10865
227040 10865
227080 10865
227120 10865
227160 10865
227200 10865
227240 10865
227280 10864
227320 10864
227360 10864
227400 10864
227440 10864
227480 10864
227520 10864
227560 10863
227600 10863
227640 10863
227680 10863
227720 10862
227760 10863
227800 10863
227840 10863
227880 10863
227920 10863
227960 10863
228000 10863
228040 10863
228080 10862
228120 10862
228160 10862
228200 10862
228240 10862
228280 10862
228320 10861
228360 10861
228400 10861
228440 10862
228480 10861
228520 10861
228560 10861
228600 10861
228640 10861
228680 10861
228720 10861
228760 10861
228800 10861
228840 10861
228880 10861
228920 10861
228960 10861
229000 10860
229040 10860
229080 10860
229120 10860
229160 10860
229200 10861
229240 10860
229280 10860
229320 10860
229360 10860
229400 10860
229440 10859
229480 10859
229520 10859
229560 10859
229600 10859
229640 10859
229680 10858
229720 10858
229760 10858
229800 10858
229840 10858
229880 10858
229920 10858
229960 10858
230000 10859
230040 10858
230080 10858
230120 10857
230160 10858
230200 10858
230240 10858
230280 10858
230320 10857
230360 10857
230400 10857
230440 10857
230480 10858
230520 10857
230560 10857
230600 10857
230640 10857
230680 10857
230720 10856
230760 10856
230800 10856
230840 10856
230880 10856
230920 10856
230960 10856
231000 10856
231040 10856
231080 10856
231120 10856
231160 10856
231200 10855
231240 10856
231280 10855
231320 10855
231360 10855
231400 10855
231440 10855
231480 10855
231520 10855
231560 10854
231600 10854
231640 10854
231680 10854
231720 10853
231760 10854
231800 10854
231840 10854
231880 10854
231920 10854
231960 10854
232000 10854
232040 10854
232080 10855
232120 10854
232160 10853
232200 10854
232240 10853
232280 10853
232320 10853
232360 10853
232400 10853
232440 10853
232480 10852
232520 10852
232560 10852
232600 10853
232640 10853
232680 10852
232720 10852
232760 10852
232800 10852
232840 10852
232880 10852
232920 10852
232960 10852
233000 10851
233040 10851
233080 10851
233120 10851
233160 10851
233200 10852
233240 10851
233280 10851
233320 10851
233360 10850
233400 10850
233440 10850
233480 10850
233520 10850
233560 10850
233600 10850
233640 10851
233680 10851
233720 10850
233760 10850
233800 10850
233840 10850
233880 10850
233920 10850
233960 10849
234000 10849
234040 10848
234080 10849
234120 10849
234160 10849
234200 10849
234240 10849
234280 10849
234320 10848
234360 10849
234400 10849
234440 10848
234480 10848
234520 10848
234560 10848
234600 10848
234640 10848
234680 10848
234720 10849
234760 10848
234800 10848
234840 10847
234880 10847
234920 10847
234960 10847
235000 10847
235040 10846
235080 10846
235120 10846
235160 10846
235200 10846
235240 10846
235280 10846
235320 10846
235360 10846
235400 10846
235440 10846
235480 10846
235520 10846
235560 10846
235600 10846
235640 10845
235680 10845
235720 10845
235760 10845
235800 10845
235840 10845
235880 10845
235920 10845
235960 10845
236000 10845
236040 10845
236080 10845
236120 10845
236160 10845
236200 10844
236240 10844
236280 10844
236320 10845
236360 10845
236400 10845
236440 10845
236480 10844
236520 10844
236560 10844
236600 10844
236640 10844
236680 10843
236720 10843
236760 10843
236800 10843
236840 10843
236880 10843
236920 10843
236960 10843
237000 10842
237040 10842
237080 10842
237120 10842
237160 10842
237200 10842
237240 10842
237280 10842
237320 10842
237360 10842
237400 10841
237440 10842
237480 10841
237520 10841
237560 10841
237600 10841
237640 10841
237680 10842
237720 10841
237760 10842
237800 10842
237840 10842
237880 10841
237920 10841
237960 10840
238000 10840
238040 10840
238080 10840
238120 10840
238160 10840
238200 10840
238240 10840
238280 10839
238320 10840
238360 10840
238400 10840
238440 10840
238480 10840
238520 10839
238560 10840
238600 10839
238640 10839
238680 10839
238720 10839
238760 10838
238800 10838
238840 10838
238880 10838
238920 10838
238960 10838
239000 10837
239040 10838
239080 10838
239120 10838
239160 10838
239200 10838
239240 10838
239280 10838
239320 10838
239360 10838
239400 10838
239440 10837
239480 10837
239520 10838
239560 10838
239600 10837
239640 10837
239680 10837
239720 10837
239760 10837
239800 10837
239840 10836
239880 10836
239920 10836
239960 10837
240000 10836
240040 10836
240080 10836
240120 10836
240160 10836
240200 10836
240240 10836
240280 10836
240320 10836
240360 10836
240400 10835
240440 10836
240480 10835
240520 10836
240560 10835
240600 10835
240640 10834
240680 10834
240720 10834
240760 10834
240800 10834
240840 10834
240880 10833
240920 10833
240960 10834
241000 10834
241040 10833
241080 10834
241120 10833
241160 10833
241200 10833
241240 10833
241280 10833
241320 10833
241360 10833
241400 10833
241440 10833
241480 10834
241520 10834
241560 10834
241600 10834
241640 10834
241680 10834
241720 10834
241760 10833
241800 10832
241840 10832
241880 10832
241920 10832
241960 10831
242000 10831
242040 10832
242080 10831
242120 10831
242160 10832
242200 10831
242240 10831
242280 10831
242320 10830
242360 10831
242400 10831
242440 10831
242480 10830
242520 10830
242560 10830
242600 10830
242640 10830
242680 10830
242720 10830
242760 10830
242800 10830
242840 10830
242880 10830
242920 10830
242960 10830
243000 10830
243040 10830
243080 10830
243120 10829
243160 10829
243200 10829
243240 10829
243280 10829
243320 10829
243360 10829
243400 10829
243440 10829
243480 10829
243520 10829
243560 10829
243600 10829
243640 10829
243680 10829
243720 10829
243760 10829
243800 10828
243840 10828
243880 10828
243920 10828
243960 10828
244000 10827
244040 10828
244080 10828
244120 10828
244160 10827
244200 10827
244240 10827
244280 10827
244320 10826
244360 10826
244400 10826
244440 10827
244480 10826
244520 10827
244560 10826
244600 10826
244640 10826
244680 10826
244720 10826
244760 10826
244800 10826
244840 10826
244880 10826
244920 10826
244960 10826
245000 10825
245040 10825
245080 10824
245120 10825
245160 10825
245200 10825
245240 10825
245280 10825
245320 10825
245360 10825
245400 10825
245440 10825
245480 10824
245520 10825
245560 10825
245600 10824
245640 10824
245680 10825
245720 10825
245760 10824
245800 10823
245840 10823
245880 10824
245920 10824
245960 10824
246000 10824
246040 10823
246080 10823
246120 10824
246160 10823
246200 10823
246240 10823
246280 10823
246320 10823
246360 10823
246400 10823
246440 10822
246480 10822
246520 10822
246560 10822
246600 10822
246640 10822
246680 10822
246720 10822
246760 10822
246800 10822
246840 10822
246880 10821
246920 10821
246960 10821
247000 10821
247040 10821
247080 10821
247120 10821
247160 10822
247200 10821
247240 10821
247280 10821
247320 10820
247360 10820
247400 10820
247440 10820
247480 10820
247520 10820
247560 10820
247600 10820
247640 10820
247680 10820
247720 10819
247760 10819
247800 10819
247840 10819
247880 10819
247920 10819
247960 10819
248000 10819
248040 10819
248080 10819
248120 10819
248160 10819
248200 10819
248240 10819
248280 10819
248320 10819
248360 10819
248400 10819
248440 10818
248480 10818
248520 10818
248560 10818
248600 10818
248640 10817
248680 10817
248720 10817
248760 10818
248800 10818
248840 10817
248880 10817
248920 10817
248960 10817
249000 10817
249040 10818
249080 10818
249120 10817
249160 10817
249200 10818
249240 10817
249280 10817
249320 10817
249360 10817
249400 10816
249440 10816
249480 10816
249520 10816
249560 10816
249600 10816
249640 10815
249680 10816
249720 10816
249760 10816
249800 10815
249840 10815
249880 10815
249920 10815
249960 10815
250000 10815
250040 10814
250080 10815
250120 10815
250160 10814
250200 10814
250240 10814
250280 10815
250320 10815
250360 10815
250400 10814
250440 10814
250480 10814
250520 10814
250560 10814
250600 10813
250640 10814
250680 10814
250720 10814
250760 10814
250800 10814
250840 10814
250880 10814
250920 10814
250960 10814
251000 10814
251040 10814
251080 10814
251120 10814
251160 10813
251200 10813
251240 10813
251280 10812
251320 10813
251360 10812
251400 10812
251440 10812
251480 10812
251520 10811
251560 10812
251600 10811
251640 10811
251680 10812
251720 10812
251760 10812
251800 10811
251840 10811
251880 10811
251920 10811
251960 10812
252000 10812
252040 10811
252080 10811
252120 10811
252160 10811
252200 10811
252240 10811
252280 10810
252320 10810
252360 10810
252400 10809
252440 10809
252480 10809
252520 10809
252560 10809
252600 10809
252640 10809
252680 10809
252720 10810
252760 10810
252800 10810
252840 10810
252880 10810
252920 10810
252960 10810
253000 10809
253040 10809
253080 10809
253120 10809
253160 10809
253200 10809
253240 10809
253280 10809
253320 10809
253360 10809
253400 10809
253440 10808
253480 10808
253520 10808
253560 10808
253600 10807
253640 10808
253680 10807
253720 10807
253760 10807
253800 10807
253840 10807
253880 10807
253920 10807
253960 10807
254000 10807
254040 10807
254080 10806
254120 10807
254160 10807
254200 10806
254240 10806
254280 10806
254320 10806
254360 10806
254400 10806
254440 10806
254480 10807
254520 10806
254560 10806
254600 10806
254640 10806
254680 10806
254720 10806
254760 10806
254800 10805
254840 10806
254880 10805
254920 10805
254960 10805
255000 10805
255040 10805
255080 10805
255120 10805
255160 10805
255200 10804
255240 10804
255280 10804
255320 10804
255360 10804
255400 10804
255440 10804
255480 10804
255520 10804
255560 10804
255600 10804
255640 10804
255680 10804
255720 10804
255760 10804
255800 10803
255840 10803
255880 10803
255920 10803
255960 10803
256000 10803
256040 10803
256080 10803
256120 10804
256160 10803
256200 10803
256240 10802
256280 10802
256320 10802
256360 10802
256400 10802
256440 10802
256480 10802
256520 10802
256560 10802
256600 10802
256640 10801
256680 10801
256720 10801
256760 10801
256800 10800
256840 10801
256880 10801
256920 10801
256960 10801
257000 10801
257040 10801
257080 10801
257120 10801
257160 10802
257200 10801
257240 10801
257280 10801
257320 10801
257360 10801
257400 10801
257440 10801
257480 10800
257520 10800
257560 10800
257600 10800
257640 10799
257680 10799
257720 10799
257760 10799
257800 10799
257840 10798
257880 10798
257920 10798
257960 10799
258000 10799
258040 10799
258080 10799
258120 10799
258160 10799
258200 10798
258240 10798
258280 10798
258320 10797
258360 10797
258400 10797
258440 10798
258480 10798
258520 10798
258560 10798
258600 10798
258640 10798
258680 10798
258720 10798
258760 10798
258800 10798
258840 10798
258880 10797
258920 10798
258960 10797
259000 10797
259040 10797
259080 10797
259120 10797
259160 10797
259200 10797
259240 10797
259280 10797
259320 10796
259360 10796
259400 10796
259440 10796
259480 10796
259520 10797
259560 10796
259600 10796
259640 10796
259680 10796
259720 10796
259760 10795
259800 10795
259840 10795
259880 10796
259920 10795
259960 10795
260000 10795
260040 10795
260080 10794
260120 10794
260160 10794
260200 10794
260240 10794
260280 10794
260320 10794
260360 10794
260400 10794
260440 10794
260480 10794
260520 10793
260560 10794
260600 10794
260640 10794
260680 10794
260720 10794
260760 10794
260800 10794
260840 10794
260880 10794
260920 10794
260960 10793
261000 10792
261040 10792
261080 10792
261120 10792
261160 10792
261200 10792
261240 10791
261280 10792
261320 10792
261360 10792
261400 10792
261440 10792
261480 10793
261520 10793
261560 10792
261600 10792
261640 10792
261680 10792
261720 10792
261760 10792
261800 10791
261840 10791
261880 10791
261920 10792
261960 10792
262000 10791
262040 10791
262080 10791
262120 10791
262160 10791
262200 10791
262240 10790
262280 10791
262320 10791
262360 10791
262400 10790
262440 10790
262480 10790
262520 10790
262560 10790
262600 10790
262640 10790
262680 10790
262720 10789
262760 10789
262800 10790
262840 10789
262880 10789
262920 10788
262960 10788
263000 10788
263040 10788
263080 10788
263120 10788
263160 10788
263200 10788
263240 10788
263280 10788
263320 10788
263360 10788
263400 10788
263440 10789
263480 10788
263520 10788
263560 10788
263600 10788
263640 10788
263680 10788
263720 10788
263760 10788
263800 10788
263840 10787
263880 10787
263920 10787
263960 10787
264000 10787
264040 10787
264080 10787
264120 10787
264160 10787
264200 10787
264240 10787
264280 10787
264320 10787
264360 10787
264400 10786
264440 10786
264480 10786
264520 10786
264560 10786
264600 10786
264640 10786
264680 10786
264720 10786
264760 10785
264800 10785
264840 10785
264880 10785
264920 10785
264960 10785
265000 10785
265040 10785
265080 10785
265120 10785
265160 10785
265200 10784
265240 10784
265280 10784
265320 10784
265360 10784
265400 10784
265440 10784
265480 10784
265520 10784
265560 10784
265600 10784
265640 10784
265680 10784
265720 10784
265760 10784
265800 10783
265840 10783
265880 10784
265920 10783
265960 10783
266000 10783
266040 10783
266080 10783
266120 10783
266160 10783
266200 10783
266240 10782
266280 10782
266320 10783
266360 10782
266400 10782
266440 10783
266480 10783
266520 10783
266560 10782
266600 10782
266640 10782
266680 10782
266720 10781
266760 10781
266800 10781
266840 10781
266880 10781
266920 10781
266960 10781
267000 10781
267040 10781
267080 10781
267120 10781
267160 10781
267200 10780
267240 10779
267280 10779
267320 10779
267360 10780
267400 10780
267440 10780
267480 10780
267520 10780
267560 10781
267600 10781
267640 10781
267680 10781
267720 10780
267760 10780
267800 10780
267840 10780
267880 10779
267920 10779
267960 10779
268000 10779
268040 10779
268080 10779
268120 10780
268160 10779
268200 10779
268240 10779
268280 10778
268320 10778
268360 10778
268400 10778
268440 10778
268480 10777
268520 10778
268560 10778
268600 10778
268640 10778
268680 10778
268720 10778
268760 10778
268800 10779
268840 10779
268880 10779
268920 10778
268960 10778
269000 10777
269040 10778
269080 10778
269120 10777
269160 10777
269200 10777
269240 10777
269280 10777
269320 10776
269360 10776
269400 10775
269440 10776
269480 10776
269520 10776
269560 10776
269600 10776
269640 10776
269680 10776
269720 10777
269760 10777
269800 10777
269840 10776
269880 10776
269920 10776
269960 10776
270000 10776
270040 10776
270080 10775
270120 10775
270160 10775
270200 10775
270240 10775
270280 10774
270320 10774
270360 10774
270400 10774
270440 10774
270480 10774
270520 10774
270560 10774
270600 10774
270640 10774
270680 10774
270720 10774
270760 10774
270800 10774
270840 10774
270880 10774
270920 10774
270960 10774
271000 10773
271040 10774
271080 10774
271120 10774
271160 10774
271200 10773
271240 10773
271280 10773
271320 10773
271360 10773
271400 10773
271440 10773
271480 10773
271520 10773
271560 10773
271600 10773
271640 10772
271680 10772
271720 10771
271760 10771
271800 10771
271840 10772
271880 10771
271920 10771
271960 10771
272000 10771
272040 10771
272080 10771
272120 10772
272160 10771
272200 10771
272240 10771
272280 10771
272320 10771
272360 10770
272400 10770
272440 10771
272480 10771
272520 10771
272560 10771
272600 10770
272640 10770
272680 10770
272720 10770
272760 10770
272800 10770
272840 10770
272880 10770
272920 10770
272960 10770
273000 10770
273040 10769
273080 10769
273120 10770
273160 10770
273200 10770
273240 10770
273280 10770
273320 10770
273360 10770
273400 10770
273440 10769
273480 10769
273520 10769
273560 10768
273600 10768
273640 10769
273680 10768
273720 10768
273760 10768
273800 10767
273840 10767
273880 10766
273920 10767
273960 10767
274000 10768
274040 10767
274080 10767
274120 10767
274160 10767
274200 10767
274240 10767
274280 10767
274320 10767
274360 10767
274400 10767
274440 10767
274480 10767
274520 10767
274560 10767
274600 10767
274640 10767
274680 10766
274720 10766
274760 10766
274800 10766
274840 10767
274880 10767
274920 10767
274960 10766
275000 10767
275040 10767
275080 10767
275120 10767
275160 10767
275200 10767
275240 10766
275280 10765
275320 10765
275360 10765
275400 10765
275440 10764
275480 10764
275520 10764
275560 10765
275600 10765
275640 10765
275680 10765
275720 10765
275760 10764
275800 10764
275840 10764
275880 10764
275920 10764
275960 10764
276000 10764
276040 10764
276080 10764
276120 10764
276160 10763
276200 10763
276240 10763
276280 10763
276320 10763
276360 10763
276400 10763
276440 10763
276480 10763
276520 10763
276560 10763
276600 10763
276640 10763
276680 10762
276720 10762
276760 10763
276800 10762
276840 10762
276880 10762
276920 10762
276960 10762
277000 10763
277040 10762
277080 10763
277120 10762
277160 10763
277200 10762
277240 10762
277280 10762
277320 10762
277360 10762
277400 10762
277440 10762
277480 10761
277520 10761
277560 10761
277600 10760
277640 10761
277680 10761
277720 10760
277760 10760
277800 10760
277840 10760
277880 10761
277920 10760
277960 10760
278000 10761
278040 10760
278080 10760
278120 10760
278160 10760
278200 10761
278240 10760
278280 10760
278320 10760
278360 10760
278400 10760
278440 10760
278480 10760
278520 10760
278560 10760
278600 10760
278640 10760
278680 10760
278720 10760
278760 10760
278800 10759
278840 10759
278880 10759
278920 10759
278960 10759
279000 10759
279040 10758
279080 10758
279120 10758
279160 10757
279200 10758
279240 10757
279280 10757
279320 10757
279360 10757
279400 10757
279440 10757
279480 10757
279520 10757
279560 10758
279600 10757
279640 10757
279680 10757
279720 10757
279760 10757
279800 10757
279840 10757
279880 10757
279920 10757
279960 10757
280000 10757
280040 10757
280080 10757
280120 10757
280160 10757
280200 10757
280240 10757
280280 10756
280320 10756
280360 10756
280400 10756
280440 10756
280480 10756
280520 10755
280560 10755
280600 10755
280640 10755
280680 10755
280720 10755
280760 10755
280800 10755
280840 10755
280880 10755
280920 10755
280960 10755
281000 10755
281040 10754
281080 10754
281120 10754
281160 10755
281200 10755
281240 10754
281280 10754
281320 10754
281360 10754
281400 10754
281440 10753
281480 10754
281520 10754
281560 10754
281600 10754
281640 10754
281680 10754
281720 10754
281760 10754
281800 10754
281840 10754
281880 10753
281920 10753
281960 10753
282000 10753
282040 10752
282080 10752
282120 10752
282160 10752
282200 10752
282240 10752
282280 10751
282320 10752
282360 10752
282400 10752
282440 10751
282480 10751
282520 10752
282560 10752
282600 10752
282640 10752
282680 10751
282720 10752
282760 10752
282800 10752
282840 10752
282880 10752
282920 10751
282960 10751
283000 10751
283040 10751
283080 10751
283120 10750
283160 10750
283200 10750
283240 10750
283280 10750
283320 10750
283360 10750
283400 10750
283440 10750
283480 10750
283520 10751
283560 10750
283600 10750
283640 10750
283680 10750
283720 10750
283760 10751
283800 10751
283840 10750
283880 10750
283920 10750
283960 10750
284000 10750
284040 10749
284080 10749
284120 10749
284160 10749
284200 10749
284240 10749
284280 10749
284320 10749
284360 10749
284400 10749
284440 10748
284480 10748
284520 10748
284560 10748
284600 10748
284640 10748
284680 10748
284720 10748
284760 10748
284800 10747
284840 10748
284880 10748
284920 10748
284960 10748
285000 10748
285040 10748
285080 10748
285120 10748
285160 10747
285200 10747
285240 10747
285280 10747
285320 10747
285360 10747
285400 10747
285440 10746
285480 10747
285520 10747
285560 10746
285600 10746
285640 10746
285680 10746
285720 10746
285760 10746
285800 10746
285840 10746
285880 10746
285920 10746
285960 10746
286000 10745
286040 10745
286080 10745
286120 10745
286160 10745
286200 10745
286240 10746
286280 10745
286320 10745
286360 10745
286400 10745
286440 10746
286480 10745
286520 10745
286560 10745
286600 10745
286640 10744
286680 10744
286720 10744
286760 10744
286800 10744
286840 10744
286880 10744
286920 10744
286960 10744
287000 10744
287040 10745
287080 10744
287120 10744
287160 10744
287200 10743
287240 10743
287280 10743
287320 10743
287360 10743
287400 10743
287440 10743
287480 10743
287520 10743
287560 10743
287600 10743
287640 10743
287680 10743
287720 10743
287760 10743
287800 10742
287840 10742
287880 10742
287920 10742
287960 10742
288000 10742
288040 10741
288080 10741
288120 10742
288160 10742
288200 10741
288240 10742
288280 10742
288320 10741
288360 10741
288400 10741
288440 10741
288480 10741
288520 10740
288560 10740
288600 10740
288640 10739
288680 10740
288720 10740
288760 10740
288800 10740
288840 10740
288880 10740
288920 10741
288960 10741
289000 10741
289040 10741
289080 10741
289120 10741
289160 10741
289200 10741
289240 10741
289280 10740
289320 10740
289360 10740
289400 10740
289440 10740
289480 10740
289520 10739
289560 10739
289600 10739
289640 10739
289680 10739
289720 10739
289760 10739
289800 10739
289840 10739
289880 10739
289920 10739
289960 10738
290000 10738
290040 10738
290080 10738
290120 10738
290160 10738
290200 10738
290240 10738
290280 10738
290320 10738
290360 10737
290400 10737
290440 10737
290480 10738
290520 10738
290560 10737
290600 10737
290640 10737
290680 10737
290720 10737
290760 10737
290800 10737
290840 10737
290880 10737
290920 10737
290960 10737
291000 10737
291040 10736
291080 10736
291120 10736
291160 10736
291200 10736
291240 10737
291280 10737
291320 10736
291360 10736
291400 10736
291440 10735
291480 10736
291520 10735
291560 10735
291600 10735
291640 10735
291680 10735
291720 10734
291760 10735
291800 10735
291840 10734
291880 10735
291920 10735
291960 10735
292000 10735
292040 10735
292080 10735
292120 10735
292160 10735
292200 10735
292240 10735
292280 10734
292320 10734
292360 10734
292400 10734
292440 10734
292480 10733
292520 10733
292560 10734
292600 10734
292640 10733
292680 10733
292720 10733
292760 10733
292800 10733
292840 10733
292880 10733
292920 10733
292960 10733
293000 10733
293040 10732
293080 10732
293120 10732
293160 10733
293200 10732
293240 10732
293280 10733
293320 10733
293360 10732
293400 10732
293440 10733
293480 10733
293520 10733
293560 10732
293600 10732
293640 10732
293680 10732
293720 10732
293760 10731
293800 10731
293840 10732
293880 10732
293920 10732
293960 10731
294000 10731
294040 10731
294080 10731
294120 10731
294160 10731
294200 10730
294240 10731
294280 10730
294320 10731
294360 10731
294400 10731
294440 10730
294480 10730
294520 10730
294560 10730
294600 10729
294640 10730
294680 10730
294720 10730
294760 10730
294800 10730
294840 10730
294880 10730
294920 10730
294960 10731
295000 10730
295040 10730
295080 10730
295120 10730
295160 10729
295200 10729
295240 10729
295280 10728
295320 10728
295360 10728
295400 10728
295440 10728
295480 10728
295520 10728
295560 10728
295600 10728
295640 10728
295680 10728
295720 10728
295760 10729
295800 10728
295840 10728
295880 10728
295920 10728
295960 10728
296000 10727
296040 10727
296080 10727
296120 10727
296160 10727
296200 10727
296240 10727
296280 10727
296320 10727
296360 10727
296400 10727
296440 10728
296480 10728
296520 10727
296560 10727
296600 10727
296640 10727
296680 10727
296720 10727
296760 10727
296800 10727
296840 10727
296880 10727
296920 10727
296960 10726
297000 10726
297040 10726
297080 10726
297120 10726
297160 10726
297200 10726
297240 10726
297280 10725
297320 10726
297360 10725
297400 10725
297440 10725
297480 10724
297520 10724
297560 10724
297600 10725
297640 10725
297680 10724
297720 10724
297760 10725
297800 10724
297840 10725
297880 10725
297920 10725
297960 10725
298000 10725
298040 10725
298080 10725
298120 10724
298160 10723
298200 10724
298240 10724
298280 10724
298320 10724
298360 10724
298400 10724
298440 10724
298480 10724
298520 10724
298560 10724
298600 10723
298640 10723
298680 10723
298720 10723
298760 10723
298800 10722
298840 10722
298880 10722
298920 10722
298960 10722
299000 10722
299040 10722
299080 10722
299120 10722
299160 10722
299200 10722
299240 10722
299280 10722
299320 10721
299360 10722
299400 10722
299440 10723
299480 10723
299520 10722
299560 10722
299600 10722
299640 10721
299680 10721
299720 10721
299760 10721
299800 10721
299840 10720
299880 10720
299920 10720
299960 10720
300000 10720
300040 10720
300080 10720
300120 10721
300160 10721
300200 10720
300240 10721
300280 10721
300320 10721
300360 10721
300400 10721
300440 10721
300480 10720
300520 10721
300560 10721
300600 10720
300640 10720
300680 10720
300720 10721
300760 10720
300800 10720
300840 10720
300880 10719
300920 10719
300960 10719
301000 10718
301040 10718
301080 10718
301120 10718
301160 10718
301200 10718
301240 10718
301280 10719
301320 10719
301360 10719
301400 10719
301440 10719
301480 10718
301520 10718
301560 10718
301600 10718
301640 10717
301680 10717
301720 10718
301760 10717
301800 10717
301840 10717
301880 10718
301920 10718
301960 10718
302000 10718
302040 10718
302080 10718
302120 10717
302160 10717
302200 10717
302240 10717
302280 10716
302320 10716
302360 10716
302400 10716
302440 10716
302480 10716
302520 10716
302560 10717
302600 10716
302640 10716
302680 10716
302720 10716
302760 10716
302800 10716
302840 10716
302880 10717
302920 10716
302960 10716
303000 10716
303040 10717
303080 10717
303120 10716
303160 10716
303200 10716
303240 10715
303280 10714
303320 10715
303360 10715
303400 10715
303440 10715
303480 10715
303520 10715
303560 10715
303600 10715
303640 10714
303680 10715
303720 10714
303760 10714
303800 10714
303840 10714
303880 10714
303920 10714
303960 10714
304000 10714
304040 10714
304080 10714
304120 10714
304160 10714
304200 10714
304240 10714
304280 10713
304320 10713
304360 10713
304400 10713
304440 10713
304480 10713
304520 10713
304560 10714
304600 10713
304640 10713
304680 10713
304720 10713
304760 10713
304800 10713
304840 10713
304880 10713
304920 10712
304960 10712
305000 10712
305040 10712
305080 10712
305120 10712
305160 10712
305200 10712
305240 10712
305280 10712
305320 10712
305360 10711
305400 10711
305440 10711
305480 10711
305520 10711
305560 10711
305600 10711
305640 10712
305680 10712
305720 10712
305760 10712
305800 10712
305840 10712
305880 10712
305920 10711
305960 10711
306000 10712
306040 10711
306080 10711
306120 10711
306160 10710
306200 10710
306240 10710
306280 10710
306320 10709
306360 10709
306400 10709
306440 10710
306480 10709
306520 10709
306560 10709
306600 10709
306640 10710
306680 10710
306720 10709
306760 10709
306800 10709
306840 10709
306880 10709
306920 10709
306960 10709
307000 10709
307040 10709
307080 10709
307120 10709
307160 10710
307200 10710
307240 10709
307280 10709
307320 10708
307360 10708
307400 10709
307440 10709
307480 10709
307520 10708
307560 10708
307600 10708
307640 10708
307680 10708
307720 10708
307760 10708
307800 10708
307840 10708
307880 10708
307920 10707
307960 10708
308000 10707
308040 10707
308080 10707
308120 10707
308160 10707
308200 10707
308240 10707
308280 10707
308320 10707
308360 10706
308400 10706
308440 10706
308480 10706
308520 10706
308560 10707
308600 10707
308640 10707
308680 10706
308720 10706
308760 10706
308800 10706
308840 10706
308880 10705
308920 10705
308960 10706
309000 10705
309040 10706
309080 10706
309120 10705
309160 10705
309200 10705
309240 10705
309280 10705
309320 10705
309360 10705
309400 10705
309440 10705
309480 10705
309520 10705
309560 10706
309600 10706
309640 10706
309680 10705
309720 10705
309760 10705
309800 10704
309840 10704
309880 10704
309920 10704
309960 10704
310000 10704
310040 10704
310080 10703
310120 10704
310160 10703
310200 10703
310240 10703
310280 10703
310320 10703
310360 10703
310400 10703
310440 10703
310480 10703
310520 10703
310560 10703
310600 10703
310640 10702
310680 10703
310720 10703
310760 10703
310800 10703
310840 10703
310880 10703
310920 10703
310960 10702
311000 10702
311040 10702
311080 10702
311120 10702
311160 10703
311200 10703
311240 10703
311280 10702
311320 10702
311360 10702
311400 10701
311440 10701
311480 10701
311520 10701
311560 10701
311600 10701
311640 10701
311680 10701
311720 10701
311760 10702
311800 10701
311840 10701
311880 10701
311920 10701
311960 10701
312000 10701
312040 10700
312080 10700
312120 10700
312160 10701
312200 10701
312240 10701
312280 10701
312320 10701
312360 10701
312400 10700
312440 10700
312480 10699
312520 10699
312560 10700
312600 10700
312640 10699
312680 10699
312720 10699
312760 10699
312800 10699
312840 10699
312880 10699
312920 10699
312960 10699
313000 10699
313040 10699
313080 10699
313120 10699
313160 10699
313200 10699
313240 10699
313280 10699
313320 10699
313360 10699
313400 10700
313440 10700
313480 10700
313520 10699
313560 10699
313600 10698
313640 10698
313680 10698
313720 10697
313760 10697
313800 10697
313840 10697
313880 10697
313920 10697
313960 10697
314000 10697
314040 10697
314080 10696
314120 10697
314160 10697
314200 10697
314240 10697
314280 10697
314320 10696
314360 10696
314400 10696
314440 10696
314480 10696
314520 10696
314560 10697
314600 10696
314640 10696
314680 10696
314720 10697
314760 10696
314800 10697
314840 10697
314880 10696
314920 10696
314960 10696
315000 10696
315040 10696
315080 10696
315120 10696
315160 10695
315200 10695
315240 10695
315280 10695
315320 10695
315360 10695
315400 10695
315440 10695
315480 10695
315520 10695
315560 10695
315600 10695
315640 10695
315680 10695
315720 10694
315760 10694
315800 10694
315840 10694
315880 10694
315920 10694
315960 10694
316000 10694
316040 10694
316080 10694
316120 10694
316160 10694
316200 10694
316240 10694
316280 10694
316320 10694
316360 10693
316400 10693
316440 10693
316480 10693
316520 10693
316560 10693
316600 10693
316640 10693
316680 10693
316720 10694
316760 10694
316800 10694
316840 10693
316880 10693
316920 10693
316960 10693
317000 10693
317040 10692
317080 10692
317120 10692
317160 10692
317200 10692
317240 10692
317280 10693
317320 10692
317360 10692
317400 10692
317440 10692
317480 10691
317520 10691
317560 10691
317600 10692
317640 10692
317680 10692
317720 10692
317760 10691
317800 10691
317840 10691
317880 10691
317920 10691
317960 10691
318000 10691
318040 10691
318080 10691
318120 10691
318160 10690
318200 10690
318240 10690
318280 10690
318320 10690
318360 10689
318400 10690
318440 10690
318480 10690
318520 10690
318560 10690
318600 10690
318640 10690
318680 10690
318720 10690
318760 10690
318800 10689
318840 10689
318880 10688
318920 10688
318960 10689
319000 10689
319040 10689
319080 10689
319120 10690
319160 10690
319200 10690
319240 10689
319280 10689
319320 10689
319360 10689
319400 10689
319440 10689
319480 10689
319520 10689
319560 10689
319600 10688
319640 10689
319680 10688
319720 10688
319760 10688
319800 10688
319840 10688
319880 10688
319920 10688
319960 10688
320000 10687
320040 10687
320080 10687
320120 10687
320160 10686
320200 10687
320240 10687
320280 10687
320320 10686
320360 10687
320400 10687
320440 10687
320480 10687
320520 10687
320560 10687
320600 10687
320640 10687
320680 10687
320720 10687
320760 10687
320800 10686
320840 10687
320880 10687
320920 10687
320960 10686
321000 10686
321040 10686
321080 10685
321120 10685
321160 10685
321200 10685
321240 10685
321280 10685
321320 10685
321360 10685
321400 10685
321440 10685
321480 10685
321520 10685
321560 10685
321600 10685
321640 10685
321680 10685
321720 10685
321760 10684
321800 10684
321840 10685
321880 10685
321920 10685
321960 10684
322000 10684
322040 10684
322080 10684
322120 10684
322160 10684
322200 10685
322240 10685
322280 10685
322320 10685
322360 10685
322400 10684
322440 10684
322480 10684
322520 10684
322560 10684
322600 10684
322640 10684
322680 10683
322720 10683
322760 10682
322800 10683
322840 10683
322880 10683
322920 10683
322960 10683
323000 10683
323040 10683
323080 10683
323120 10682
323160 10683
323200 10683
323240 10682
323280 10683
323320 10682
323360 10682
323400 10682
323440 10682
323480 10681
323520 10681
323560 10681
323600 10681
323640 10681
323680 10682
323720 10682
323760 10682
323800 10682
323840 10682
323880 10682
323920 10682
323960 10681
324000 10681
324040 10682
324080 10682
324120 10681
324160 10682
324200 10681
324240 10681
324280 10681
324320 10680
324360 10680
324400 10680
324440 10680
324480 10680
324520 10680
324560 10680
324600 10680
324640 10681
324680 10681
324720 10680
324760 10681
324800 10681
324840 10680
324880 10680
324920 10680
324960 10680
325000 10680
325040 10680
325080 10681
325120 10680
325160 10680
325200 10679
325240 10679
325280 10679
325320 10679
325360 10678
325400 10678
325440 10679
325480 10679
325520 10679
325560 10679
325600 10678
325640 10678
325680 10678
325720 10678
325760 10678
325800 10678
325840 10678
325880 10678
325920 10678
325960 10678
326000 10678
326040 10678
326080 10678
326120 10678
326160 10678
326200 10679
326240 10678
326280 10678
326320 10678
326360 10678
326400 10678
326440 10678
326480 10678
326520 10678
326560 10678
326600 10678
326640 10677
326680 10677
326720 10677
326760 10677
326800 10677
326840 10677
326880 10677
326920 10677
326960 10676
327000 10676
327040 10676
327080 10676
327120 10676
327160 10676
327200 10676
327240 10676
327280 10676
327320 10675
327360 10676
327400 10675
327440 10676
327480 10676
327520 10676
327560 10676
327600 10675
327640 10675
327680 10675
327720 10675
327760 10675
327800 10675
327840 10675
327880 10675
327920 10675
327960 10675
328000 10675
328040 10675
328080 10675
328120 10675
328160 10675
328200 10675
328240 10674
328280 10674
328320 10674
328360 10674
328400 10674
328440 10675
328480 10674
328520 10674
328560 10674
328600 10674
328640 10675
328680 10675
328720 10674
328760 10674
328800 10674
328840 10674
328880 10674
328920 10674
328960 10674
329000 10674
329040 10674
329080 10673
329120 10674
329160 10674
329200 10674
329240 10673
329280 10673
329320 10672
329360 10672
329400 10672
329440 10672
329480 10672
329520 10672
329560 10673
329600 10672
329640 10673
329680 10673
329720 10673
329760 10673
329800 10673
329840 10672
329880 10672
329920 10672
329960 10671
330000 10672
330040 10671
330080 10671
330120 10671
330160 10671
330200 10671
330240 10672
330280 10671
330320 10671
330360 10671
330400 10671
330440 10670
330480 10670
330520 10670
330560 10670
330600 10671
330640 10670
330680 10671
330720 10671
330760 10671
330800 10671
330840 10671
330880 10671
330920 10671
330960 10671
331000 10671
331040 10671
331080 10670
331120 10671
331160 10670
331200 10670
331240 10670
331280 10669
331320 10669
331360 10670
331400 10669
331440 10669
331480 10669
331520 10670
331560 10669
331600 10669
331640 10670
331680 10669
331720 10669
331760 10669
331800 10669
331840 10669
331880 10669
331920 10669
331960 10670
332000 10669
332040 10669
332080 10668
332120 10668
332160 10668
332200 10668
332240 10668
332280 10668
332320 10668
332360 10668
332400 10668
332440 10669
332480 10669
332520 10669
332560 10668
332600 10668
332640 10668
332680 10668
332720 10668
332760 10668
332800 10667
332840 10667
332880 10667
332920 10667
332960 10667
333000 10667
333040 10668
333080 10668
333120 10667
333160 10667
333200 10667
333240 10667
333280 10667
333320 10667
333360 10667
333400 10667
333440 10666
333480 10666
333520 10666
333560 10666
333600 10666
333640 10666
333680 10666
333720 10666
333760 10666
333800 10666
333840 10666
333880 10665
333920 10665
333960 10666
334000 10665
334040 10666
334080 10666
334120 10666
334160 10665
334200 10665
334240 10665
334280 10665
334320 10665
334360 10665
334400 10665
334440 10665
334480 10665
334520 10665
334560 10665
334600 10664
334640 10665
334680 10664
334720 10664
334760 10664
334800 10664
334840 10664
334880 10664
334920 10664
334960 10664
335000 10664
335040 10664
335080 10665
335120 10664
335160 10664
335200 10664
335240 10664
335280 10664
335320 10663
335360 10663
335400 10664
335440 10664
335480 10663
335520 10663
335560 10663
335600 10663
335640 10663
335680 10663
335720 10663
335760 10663
335800 10663
335840 10662
335880 10663
335920 10662
335960 10662
336000 10663
336040 10663
336080 10663
336120 10663
336160 10662
336200 10662
336240 10662
336280 10661
336320 10662
336360 10661
336400 10662
336440 10662
336480 10662
336520 10662
336560 10662
336600 10662
336640 10662
336680 10662
336720 10661
336760 10661
336800 10661
336840 10661
336880 10661
336920 10661
336960 10661
337000 10661
337040 10661
337080 10662
337120 10661
337160 10661
337200 10660
337240 10660
337280 10660
337320 10660
337360 10660
337400 10661
337440 10660
337480 10661
337520 10660
337560 10660
337600 10660
337640 10660
337680 10661
337720 10661
337760 10661
337800 10661
337840 10661
337880 10660
337920 10660
337960 10660
338000 10659
338040 10659
338080 10659
338120 10659
338160 10659
338200 10659
338240 10659
338280 10659
338320 10658
338360 10658
338400 10659
338440 10658
338480 10658
338520 10658
338560 10659
338600 10658
338640 10658
338680 10658
338720 10658
338760 10658
338800 10658
338840 10658
338880 10658
338920 10658
338960 10658
339000 10658
339040 10658
339080 10658
339120 10658
339160 10658
339200 10659
339240 10658
339280 10658
339320 10658
339360 10658
339400 10657
339440 10657
339480 10657
339520 10657
339560 10657
339600 10658
339640 10658
339680 10657
339720 10657
339760 10657
339800 10657
339840 10656
339880 10657
339920 10657
339960 10657
340000 10657
340040 10657
340080 10657
340120 10657
340160 10657
340200 10656
340240 10656
340280 10656
340320 10655
340360 10655
340400 10656
340440 10656
340480 10656
340520 10656
340560 10655
340600 10655
340640 10655
340680 10655
340720 10655
340760 10656
340800 10655
340840 10655
340880 10655
340920 10655
340960 10655
341000 10655
341040 10654
341080 10654
341120 10654
341160 10654
341200 10654
341240 10654
341280 10654
341320 10654
341360 10654
341400 10655
341440 10655
341480 10654
341520 10655
341560 10654
341600 10654
341640 10654
341680 10654
341720 10654
341760 10654
341800 10654
341840 10654
341880 10654
341920 10654
341960 10654
342000 10654
342040 10655
342080 10654
342120 10654
342160 10654
342200 10653
342240 10653
342280 10653
342320 10653
342360 10654
342400 10653
342440 10653
342480 10653
342520 10653
342560 10653
342600 10653
342640 10653
342680 10653
342720 10652
342760 10652
342800 10652
342840 10652
342880 10652
342920 10651
342960 10651
343000 10651
343040 10651
343080 10651
343120 10651
343160 10651
343200 10651
343240 10652
343280 10652
343320 10651
343360 10652
343400 10652
343440 10651
343480 10651
343520 10651
343560 10651
343600 10650
343640 10650
343680 10650
343720 10650
343760 10651
343800 10651
343840 10651
343880 10651
343920 10651
343960 10651
344000 10651
344040 10651
344080 10651
344120 10651
344160 10651
344200 10651
344240 10651
344280 10651
344320 10650
344360 10650
344400 10650
344440 10650
344480 10650
344520 10650
344560 10650
344600 10650
344640 10650
344680 10650
344720 10649
344760 10649
344800 10649
344840 10649
344880 10649
344920 10649
344960 10649
345000 10649
345040 10650
345080 10649
345120 10649
345160 10649
345200 10649
345240 10649
345280 10649
345320 10649
345360 10648
345400 10648
345440 10648
345480 10648
345520 10648
345560 10648
345600 10648
345640 10648
345680 10648
345720 10648
345760 10648
345800 10648
345840 10648
345880 10648
345920 10647
345960 10647
346000 10647
346040 10647
346080 10647
346120 10648
346160 10648
346200 10647
346240 10647
346280 10647
346320 10647
346360 10647
346400 10647
346440 10647
346480 10647
346520 10647
346560 10647
346600 10647
346640 10647
346680 10647
346720 10647
346760 10647
346800 10647
346840 10647
346880 10647
346920 10647
346960 10647
347000 10646
347040 10647
347080 10647
347120 10647
347160 10646
347200 10646
347240 10647
347280 10646
347320 10646
347360 10645
347400 10646
347440 10645
347480 10646
347520 10646
347560 10645
347600 10645
347640 10645
347680 10645
347720 10644
347760 10644
347800 10644
347840 10644
347880 10644
347920 10644
347960 10644
348000 10644
348040 10644
348080 10645
348120 10645
348160 10644
348200 10645
348240 10644
348280 10644
348320 10644
348360 10644
348400 10644
348440 10644
348480 10644
348520 10644
348560 10644
348600 10644
348640 10644
348680 10645
348720 10645
348760 10644
348800 10645
348840 10644
348880 10644
348920 10645
348960 10644
349000 10644
349040 10644
349080 10644
349120 10643
349160 10643
349200 10643
349240 10643
349280 10642
349320 10643
349360 10642
349400 10643
349440 10643
349480 10642
349520 10642
349560 10643
349600 10643
349640 10642
349680 10643
349720 10642
349760 10643
349800 10642
349840 10642
349880 10642
349920 10642
349960 10642
350000 10642
350040 10642
350080 10642
350120 10642
350160 10642
350200 10642
350240 10641
350280 10641
350320 10641
350360 10641
350400 10641
350440 10641
350480 10641
350520 10641
350560 10641
350600 10641
350640 10641
350680 10641
350720 10641
350760 10641
350800 10640
350840 10640
350880 10640
350920 10640
350960 10640
351000 10641
351040 10640
351080 10640
351120 10639
351160 10640
351200 10640
351240 10639
351280 10639
351320 10640
351360 10640
351400 10640
351440 10640
351480 10640
351520 10641
351560 10640
351600 10640
351640 10640
351680 10641
351720 10641
351760 10640
351800 10640
351840 10639
351880 10640
351920 10639
351960 10639
352000 10639
352040 10638
352080 10638
352120 10638
352160 10638
352200 10639
352240 10639
352280 10639
352320 10639
352360 10639
352400 10639
352440 10639
352480 10638
352520 10639
352560 10638
352600 10638
352640 10638
352680 10638
352720 10638
352760 10638
352800 10638
352840 10638
352880 10638
352920 10638
352960 10638
353000 10638
353040 10638
353080 10638
353120 10638
353160 10638
353200 10638
353240 10638
353280 10638
353320 10638
353360 10638
353400 10637
353440 10637
353480 10637
353520 10637
353560 10637
353600 10637
353640 10637
353680 10636
353720 10636
353760 10636
353800 10636
353840 10636
353880 10636
353920 10636
353960 10636
354000 10635
354040 10635
354080 10636
354120 10636
354160 10636
354200 10637
354240 10636
354280 10636
354320 10636
354360 10636
354400 10636
354440 10636
354480 10636
354520 10636
354560 10637
354600 10636
354640 10636
354680 10636
354720 10636
354760 10636
354800 10636
354840 10636
354880 10636
354920 10635
354960 10635
355000 10635
355040 10634
355080 10634
355120 10634
355160 10634
355200 10634
355240 10634
355280 10634
355320 10634
355360 10634
355400 10634
355440 10634
355480 10634
355520 10634
355560 10634
355600 10633
355640 10634
355680 10633
355720 10633
355760 10634
355800 10634
355840 10634
355880 10635
355920 10635
355960 10634
356000 10634
356040 10634
356080 10634
356120 10633
356160 10634
356200 10634
356240 10634
356280 10634
356320 10633
356360 10633
356400 10633
356440 10633
356480 10633
356520 10633
356560 10632
356600 10632
356640 10632
356680 10632
356720 10633
356760 10633
356800 10633
356840 10633
356880 10633
356920 10632
356960 10632
357000 10632
357040 10632
357080 10632
357120 10632
357160 10632
357200 10632
357240 10632
357280 10632
357320 10632
357360 10632
357400 10632
357440 10632
357480 10632
357520 10632
357560 10631
357600 10631
357640 10631
357680 10631
357720 10631
357760 10630
357800 10631
357840 10632
357880 10632
357920 10631
357960 10631
358000 10631
358040 10631
358080 10631
358120 10631
358160 10630
358200 10630
358240 10631
358280 10630
358320 10630
358360 10630
358400 10630
358440 10630
358480 10631
358520 10630
358560 10630
358600 10630
358640 10630
358680 10630
358720 10630
358760 10630
358800 10631
358840 10630
358880 10630
358920 10630
358960 10630
359000 10629
359040 10629
359080 10629
359120 10629
359160 10629
359200 10629
359240 10629
359280 10629
359320 10629
359360 10628
359400 10628
359440 10629
359480 10628
359520 10629
359560 10629
359600 10629
359640 10628
359680 10628
359720 10628
359760 10628
359800 10628
359840 10628
359880 10628
359920 10628
359960 10628
360000 10628
360040 10628
360080 10628
360120 10628
360160 10628
360200 10629
360240 10629
360280 10629
360320 10628
360360 10627
360400 10627
360440 10627
360480 10627
360520 10627
360560 10627
360600 10627
360640 10627
360680 10626
360720 10626
360760 10626
360800 10627
360840 10627
360880 10627
360920 10627
360960 10627
361000 10627
361040 10627
361080 10627
361120 10627
361160 10627
361200 10627
361240 10627
361280 10627
361320 10627
361360 10627
361400 10627
361440 10627
361480 10627
361520 10627
361560 10626
361600 10626
361640 10625
361680 10626
361720 10626
361760 10625
361800 10625
361840 10625
361880 10625
361920 10625
361960 10625
362000 10625
362040 10625
362080 10625
362120 10625
362160 10625
362200 10625
362240 10625
362280 10625
362320 10625
362360 10625
362400 10625
362440 10625
362480 10624
362520 10624
362560 10625
362600 10624
362640 10625
362680 10625
362720 10625
362760 10625
362800 10625
362840 10624
362880 10624
362920 10624
362960 10624
363000 10624
363040 10624
363080 10624
363120 10624
363160 10624
363200 10624
363240 10624
363280 10624
363320 10623
363360 10623
363400 10623
363440 10623
363480 10623
363520 10623
363560 10623
363600 10623
363640 10624
363680 10623
363720 10624
363760 10624
363800 10623
363840 10623
363880 10623
363920 10623
363960 10623
364000 10622
364040 10622
364080 10622
364120 10622
364160 10622
364200 10622
364240 10622
364280 10622
364320 10622
364360 10622
364400 10622
364440 10623
364480 10622
364520 10623
364560 10622
364600 10622
364640 10622
364680 10621
364720 10621
364760 10621
364800 10621
364840 10621
364880 10622
364920 10621
364960 10621
365000 10621
365040 10621
365080 10622
365120 10622
365160 10622
365200 10621
365240 10621
365280 10621
365320 10621
365360 10621
365400 10620
365440 10620
365480 10620
365520 10620
365560 10620
365600 10620
365640 10621
365680 10621
365720 10621
365760 10621
365800 10621
365840 10621
365880 10621
365920 10621
365960 10621
366000 10621
366040 10621
366080 10621
366120 10621
366160 10620
366200 10620
366240 10620
366280 10620
366320 10620
366360 10620
366400 10620
366440 10619
366480 10619
366520 10619
366560 10619
366600 10619
366640 10619
366680 10619
366720 10619
366760 10619
366800 10619
366840 10619
366880 10619
366920 10619
366960 10619
367000 10618
367040 10618
367080 10619
367120 10618
367160 10619
367200 10619
367240 10618
367280 10618
367320 10618
367360 10618
367400 10618
367440 10618
367480 10618
367520 10617
367560 10618
367600 10618
367640 10618
367680 10618
367720 10618
367760 10618
367800 10618
367840 10618
367880 10618
367920 10618
367960 10618
368000 10618
368040 10618
368080 10618
368120 10618
368160 10618
368200 10617
368240 10618
368280 10617
368320 10617
368360 10617
368400 10617
368440 10617
368480 10617
368520 10617
368560 10616
368600 10616
368640 10616
368680 10617
368720 10617
368760 10617
368800 10616
368840 10616
368880 10616
368920 10616
368960 10616
369000 10616
369040 10617
369080 10617
369120 10616
369160 10616
369200 10615
369240 10615
369280 10616
369320 10616
369360 10615
369400 10615
369440 10615
369480 10615
369520 10615
369560 10615
369600 10615
369640 10615
369680 10615
369720 10616
369760 10615
369800 10615
369840 10615
369880 10616
369920 10616
369960 10616
370000 10616
370040 10616
370080 10616
370120 10615
370160 10615
370200 10615
370240 10615
370280 10614
370320 10614
370360 10614
370400 10614
370440 10614
370480 10614
370520 10614
370560 10614
370600 10615
370640 10614
370680 10614
370720 10614
370760 10614
370800 10614
370840 10614
370880 10614
370920 10614
370960 10613
371000 10614
371040 10614
371080 10614
371120 10613
371160 10613
371200 10613
371240 10613
371280 10613
371320 10613
371360 10613
371400 10613
371440 10613
371480 10613
371520 10613
371560 10613
371600 10613
371640 10612
371680 10613
371720 10613
371760 10613
371800 10613
371840 10613
371880 10614
371920 10613
371960 10613
372000 10614
372040 10613
372080 10612
372120 10612
372160 10611
372200 10612
372240 10611
372280 10612
372320 10612
372360 10612
372400 10612
372440 10612
372480 10612
372520 10611
372560 10611
372600 10612
372640 10612
372680 10612
372720 10611
372760 10611
372800 10611
372840 10612
372880 10611
372920 10611
372960 10611
373000 10611
373040 10611
373080 10610
373120 10610
373160 10611
373200 10611
373240 10611
373280 10611
373320 10611
373360 10611
373400 10611
373440 10611
373480 10611
373520 10610
373560 10610
373600 10610
373640 10609
373680 10610
373720 10609
373760 10610
373800 10610
373840 10610
373880 10611
373920 10610
373960 10610
374000 10610
374040 10610
374080 10610
374120 10610
374160 10610
374200 10610
374240 10609
374280 10609
374320 10609
374360 10609
374400 10609
374440 10609
374480 10608
374520 10609
374560 10609
374600 10609
374640 10609
374680 10609
374720 10609
374760 10609
374800 10609
374840 10608
374880 10609
374920 10609
374960 10609
375000 10609
375040 10609
375080 10609
375120 10609
375160 10608
375200 10609
375240 10608
375280 10608
375320 10607
375360 10607
375400 10608
375440 10608
375480 10608
375520 10608
375560 10608
375600 10608
375640 10608
375680 10608
375720 10607
375760 10607
375800 10607
375840 10607
375880 10607
375920 10606
375960 10607
376000 10607
376040 10607
376080 10607
376120 10607
376160 10607
376200 10607
376240 10607
376280 10607
376320 10607
376360 10607
376400 10607
376440 10607
376480 10607
376520 10608
376560 10608
376600 10607
376640 10607
376680 10607
376720 10606
376760 10606
376800 10606
376840 10606
376880 10606
376920 10606
376960 10606
377000 10606
377040 10606
377080 10606
377120 10606
377160 10606
377200 10606
377240 10606
377280 10606
377320 10606
377360 10606
377400 10606
377440 10606
377480 10606
377520 10606
377560 10605
377600 10606
377640 10605
377680 10605
377720 10604
377760 10604
377800 10604
377840 10604
377880 10604
377920 10604
377960 10604
378000 10604
378040 10604
378080 10604
378120 10605
378160 10605
378200 10605
378240 10606
378280 10605
378320 10606
378360 10606
378400 10605
378440 10604
378480 10604
378520 10604
378560 10604
378600 10604
378640 10604
378680 10604
378720 10604
378760 10604
378800 10604
378840 10604
378880 10604
378920 10603
378960 10604
379000 10603
379040 10603
379080 10603
379120 10603
379160 10603
379200 10603
379240 10603
379280 10603
379320 10603
379360 10603
379400 10603
379440 10602
379480 10602
379520 10602
379560 10602
379600 10602
379640 10602
379680 10602
379720 10602
379760 10602
379800 10602
379840 10603
379880 10602
379920 10602
379960 10602
380000 10602
380040 10603
380080 10602
380120 10603
380160 10602
380200 10602
380240 10602
380280 10602
380320 10601
380360 10602
380400 10602
380440 10602
380480 10602
380520 10602
380560 10601
380600 10601
380640 10601
380680 10602
380720 10602
380760 10602
380800 10601
380840 10601
380880 10601
380920 10601
380960 10601
381000 10601
381040 10600
381080 10601
381120 10601
381160 10601
381200 10601
381240 10601
381280 10601
381320 10601
381360 10600
381400 10600
381440 10601
381480 10601
381520 10601
381560 10601
381600 10600
381640 10601
381680 10600
381720 10601
381760 10600
381800 10601
381840 10600
381880 10600
381920 10600
381960 10600
382000 10599
382040 10599
382080 10599
382120 10599
382160 10599
382200 10599
382240 10599
382280 10599
382320 10599
382360 10599
382400 10598
382440 10598
382480 10598
382520 10598
382560 10598
382600 10599
382640 10599
382680 10599
382720 10599
382760 10599
382800 10599
382840 10598
382880 10599
382920 10599
382960 10599
383000 10599
383040 10599
383080 10599
383120 10599
383160 10599
383200 10599
383240 10599
383280 10599
383320 10599
383360 10598
383400 10598
383440 10598
383480 10598
383520 10598
383560 10598
383600 10599
383640 10599
383680 10598
383720 10598
383760 10599
383800 10599
383840 10599
383880 10598
383920 10598
383960 10598
384000 10598
384040 10597
384080 10597
384120 10596
384160 10597
384200 10596
384240 10596
384280 10596
384320 10597
384360 10596
384400 10596
384440 10596
384480 10596
384520 10597
384560 10597
384600 10597
384640 10597
384680 10597
384720 10597
384760 10597
384800 10596
384840 10596
384880 10597
384920 10596
384960 10596
385000 10597
385040 10596
385080 10596
385120 10596
385160 10595
385200 10595
385240 10595
385280 10595
385320 10595
385360 10596
385400 10596
385440 10595
385480 10595
385520 10595
385560 10595
385600 10596
385640 10596
385680 10595
385720 10596
385760 10596
385800 10596
385840 10596
385880 10596
385920 10596
385960 10596
386000 10595
386040 10595
386080 10595
386120 10595
386160 10595
386200 10595
386240 10595
386280 10595
386320 10595
386360 10595
386400 10595
386440 10594
386480 10595
386520 10594
386560 10594
386600 10594
386640 10595
386680 10594
386720 10595
386760 10594
386800 10594
386840 10593
386880 10594
386920 10594
386960 10594
387000 10594
387040 10594
387080 10593
387120 10593
387160 10594
387200 10594
387240 10594
387280 10593
387320 10593
387360 10593
387400 10593
387440 10594
387480 10593
387520 10593
387560 10593
387600 10593
387640 10593
387680 10593
387720 10593
387760 10593
387800 10593
387840 10593
387880 10592
387920 10593
387960 10592
388000 10592
388040 10592
388080 10593
388120 10592
388160 10593
388200 10593
388240 10593
388280 10593
388320 10592
388360 10592
388400 10592
388440 10592
388480 10592
388520 10592
388560 10592
388600 10593
388640 10592
388680 10592
388720 10591
388760 10591
388800 10591
388840 10591
388880 10592
388920 10592
388960 10592
389000 10591
389040 10591
389080 10591
389120 10591
389160 10591
389200 10592
389240 10592
389280 10592
389320 10592
389360 10592
389400 10592
389440 10592
389480 10592
389520 10591
389560 10590
389600 10591
389640 10591
389680 10591
389720 10591
389760 10591
389800 10590
389840 10590
389880 10590
389920 10591
389960 10590
390000 10591
390040 10590
390080 10589
390120 10589
390160 10589
390200 10590
390240 10590
390280 10590
390320 10590
390360 10589
390400 10589
390440 10589
390480 10589
390520 10589
390560 10589
390600 10590
390640 10590
390680 10589
390720 10590
390760 10589
390800 10589
390840 10589
390880 10589
390920 10589
390960 10590
391000 10589
391040 10589
391080 10590
391120 10589
391160 10589
391200 10589
391240 10590
391280 10589
391320 10589
391360 10589
391400 10589
391440 10588
391480 10589
391520 10589
391560 10589
391600 10588
391640 10588
391680 10589
391720 10589
391760 10589
391800 10588
391840 10588
391880 10588
391920 10588
391960 10588
392000 10588
392040 10587
392080 10588
392120 10587
392160 10588
392200 10588
392240 10588
392280 10588
392320 10588
392360 10587
392400 10587
392440 10587
392480 10587
392520 10587
392560 10587
392600 10587
392640 10587
392680 10587
392720 10587
392760 10586
392800 10587
392840 10587
392880 10587
392920 10587
392960 10587
393000 10587
393040 10587
393080 10587
393120 10587
393160 10587
393200 10587
393240 10587
393280 10587
393320 10586
393360 10587
393400 10587
393440 10587
393480 10587
393520 10586
393560 10586
393600 10586
393640 10586
393680 10585
393720 10585
393760 10586
393800 10586
393840 10586
393880 10586
393920 10586
393960 10586
394000 10586
394040 10585
394080 10585
394120 10585
394160 10585
394200 10585
394240 10585
394280 10585
394320 10585
394360 10585
394400 10585
394440 10585
394480 10585
394520 10585
394560 10585
394600 10585
394640 10585
394680 10585
394720 10585
394760 10585
394800 10585
394840 10585
394880 10586
394920 10586
394960 10586
395000 10585
395040 10585
395080 10585
395120 10585
395160 10585
395200 10585
395240 10584
395280 10584
395320 10584
395360 10584
395400 10584
395440 10583
395480 10583
395520 10583
395560 10582
395600 10582
395640 10583
395680 10583
395720 10583
395760 10583
395800 10583
395840 10583
395880 10583
395920 10583
395960 10583
396000 10584
396040 10584
396080 10583
396120 10583
396160 10583
396200 10583
396240 10583
396280 10583
396320 10583
396360 10582
396400 10582
396440 10582
396480 10583
396520 10583
396560 10583
396600 10583
396640 10583
396680 10582
396720 10582
396760 10582
396800 10582
396840 10583
396880 10583
396920 10583
396960 10583
397000 10583
397040 10583
397080 10583
397120 10582
397160 10582
397200 10582
397240 10582
397280 10582
397320 10582
397360 10582
397400 10581
397440 10582
397480 10582
397520 10582
397560 10582
397600 10582
397640 10581
397680 10581
397720 10581
397760 10581
397800 10581
397840 10581
397880 10581
397920 10581
397960 10581
398000 10581
398040 10581
398080 10581
398120 10581
398160 10581
398200 10581
398240 10581
398280 10580
398320 10581
398360 10581
398400 10581
398440 10580
398480 10580
398520 10580
398560 10580
398600 10580
398640 10580
398680 10580
398720 10581
398760 10581
398800 10581
398840 10581
398880 10581
398920 10581
398960 10581
399000 10580
399040 10580
399080 10580
399120 10580
399160 10580
399200 10579
399240 10579
399280 10579
399320 10579
399360 10579
399400 10579
399440 10579
399480 10579
399520 10579
399560 10580
399600 10580
399640 10580
399680 10580
399720 10580
399760 10580
399800 10580
399840 10579
399880 10580
399920 10580
399960 10579
400000 10579
400040 10578
400080 10579
400120 10578
400160 10578
400200 10577
400240 10578
400280 10578
400320 10577
400360 10577
400400 10578
400440 10578
400480 10578
400520 10578
400560 10578
400600 10578
400640 10578
400680 10578
400720 10578
400760 10577
400800 10577
400840 10578
400880 10578
400920 10578
400960 10578
401000 10578
401040 10577
401080 10577
401120 10577
401160 10577
401200 10577
401240 10577
401280 10577
401320 10577
401360 10578
401400 10578
401440 10577
401480 10577
401520 10578
401560 10577
401600 10578
401640 10578
401680 10578
401720 10578
401760 10578
401800 10578
401840 10578
401880 10578
401920 10577
401960 10577
402000 10577
402040 10576
402080 10576
402120 10576
402160 10576
402200 10576
402240 10576
402280 10576
402320 10577
402360 10577
402400 10576
402440 10576
402480 10576
402520 10575
402560 10575
402600 10575
402640 10575
402680 10575
402720 10575
402760 10575
402800 10576
402840 10576
402880 10576
402920 10576
402960 10575
403000 10575
403040 10575
403080 10576
403120 10576
403160 10575
403200 10575
403240 10575
403280 10575
403320 10575
403360 10575
403400 10575
403440 10575
403480 10575
403520 10574
403560 10575
403600 10575
403640 10575
403680 10574
403720 10575
403760 10574
403800 10574
403840 10574
403880 10575
403920 10575
403960 10574
404000 10575
404040 10575
404080 10575
404120 10574
404160 10574
404200 10574
404240 10574
404280 10574
404320 10574
404360 10574
404400 10574
404440 10574
404480 10574
404520 10573
404560 10574
404600 10574
404640 10574
404680 10574
404720 10574
404760 10574
404800 10574
404840 10574
404880 10574
404920 10573
404960 10573
405000 10573
405040 10573
405080 10573
405120 10573
405160 10573
405200 10573
405240 10574
405280 10574
405320 10574
405360 10573
405400 10573
405440 10573
405480 10573
405520 10573
405560 10572
405600 10573
405640 10572
405680 10573
405720 10573
405760 10573
405800 10572
405840 10572
405880 10572
405920 10571
405960 10571
406000 10571
406040 10571
406080 10571
406120 10571
406160 10571
406200 10571
406240 10571
406280 10571
406320 10571
406360 10572
406400 10571
406440 10572
406480 10572
406520 10572
406560 10571
406600 10571
406640 10571
406680 10571
406720 10572
406760 10572
406800 10572
406840 10573
406880 10572
406920 10572
406960 10571
407000 10571
407040 10571
407080 10571
407120 10570
407160 10571
407200 10571
407240 10571
407280 10571
407320 10571
407360 10571
407400 10571
407440 10571
407480 10570
407520 10570
407560 10570
407600 10570
407640 10570
407680 10569
407720 10570
407760 10569
407800 10570
407840 10570
407880 10570
407920 10570
407960 10570
408000 10570
408040 10569
408080 10569
408120 10569
408160 10569
408200 10569
408240 10570
408280 10570
408320 10569
408360 10569
408400 10569
408440 10569
408480 10569
408520 10569
408560 10569
408600 10569
408640 10569
408680 10569
408720 10570
408760 10569
408800 10569
408840 10568
408880 10568
408920 10569
408960 10569
409000 10569
409040 10569
409080 10569
409120 10569
409160 10569
409200 10568
409240 10569
409280 10569
409320 10569
409360 10569
409400 10569
409440 10568
409480 10569
409520 10569
409560 10569
409600 10568
409640 10568
409680 10568
409720 10568
409760 10568
409800 10568
409840 10568
409880 10568
409920 10568
409960 10567
410000 10567
410040 10567
410080 10567
410120 10567
410160 10567
410200 10566
410240 10566
410280 10566
410320 10566
410360 10567
410400 10567
410440 10568
410480 10567
410520 10567
410560 10567
410600 10567
410640 10566
410680 10567
410720 10567
410760 10567
410800 10567
410840 10567
410880 10567
410920 10567
410960 10567
411000 10567
411040 10566
411080 10566
411120 10567
411160 10566
411200 10566
411240 10565
411280 10566
411320 10566
411360 10566
411400 10566
411440 10566
411480 10566
411520 10566
411560 10566
411600 10567
411640 10567
411680 10567
411720 10566
411760 10566
411800 10566
411840 10566
411880 10566
411920 10565
411960 10565
412000 10565
412040 10565
412080 10565
412120 10565
412160 10565
412200 10565
412240 10565
412280 10565
412320 10565
412360 10565
412400 10565
412440 10564
412480 10565
412520 10565
412560 10564
412600 10564
412640 10564
412680 10565
412720 10564
412760 10565
412800 10565
412840 10565
412880 10565
412920 10564
412960 10564
413000 10564
413040 10564
413080 10564
413120 10564
413160 10563
413200 10564
413240 10564
413280 10563
413320 10563
413360 10564
413400 10564
413440 10564
413480 10564
413520 10565
413560 10564
413600 10564
413640 10564
413680 10563
413720 10563
413760 10563
413800 10563
413840 10563
413880 10563
413920 10563
413960 10563
414000 10563
414040 10563
414080 10563
414120 10563
414160 10563
414200 10563
414240 10563
414280 10563
414320 10563
414360 10563
414400 10563
414440 10563
414480 10563
414520 10562
414560 10562
414600 10563
414640 10562
414680 10562
414720 10563
414760 10563
414800 10563
414840 10562
414880 10562
414920 10562
414960 10562
415000 10562
415040 10561
415080 10561
415120 10561
415160 10562
415200 10561
415240 10561
415280 10561
415320 10561
415360 10562
415400 10562
415440 10562
415480 10562
415520 10561
415560 10561
415600 10561
415640 10562
415680 10562
415720 10561
415760 10562
415800 10562
415840 10562
415880 10562
415920 10562
415960 10562
416000 10562
416040 10562
416080 10561
416120 10561
416160 10561
416200 10561
416240 10561
416280 10560
416320 10560
416360 10560
416400 10560
416440 10560
416480 10560
416520 10561
416560 10560
416600 10560
416640 10560
416680 10560
416720 10560
416760 10560
416800 10560
416840 10560
416880 10560
416920 10559
416960 10560
417000 10559
417040 10560
417080 10560
417120 10560
417160 10559
417200 10559
417240 10559
417280 10559
417320 10559
417360 10559
417400 10559
417440 10559
417480 10559
417520 10559
417560 10560
417600 10560
417640 10560
417680 10561
417720 10560
417760 10560
417800 10560
417840 10559
417880 10559
417920 10559
417960 10559
418000 10559
418040 10559
418080 10559
418120 10558
418160 10559
418200 10558
418240 10558
418280 10558
418320 10558
418360 10558
418400 10558
418440 10558
418480 10558
418520 10558
418560 10558
418600 10558
418640 10558
418680 10557
418720 10558
418760 10558
418800 10558
418840 10558
418880 10558
418920 10558
418960 10558
419000 10558
419040 10558
419080 10558
419120 10558
419160 10558
419200 10558
419240 10557
419280 10557
419320 10557
419360 10558
419400 10557
419440 10557
419480 10557
419520 10557
419560 10557
419600 10557
419640 10557
419680 10557
419720 10556
419760 10557
419800 10557
419840 10556
419880 10556
419920 10556
419960 10556
420000 10556
420040 10556
420080 10556
420120 10557
420160 10556
420200 10556
420240 10555
420280 10556
420320 10556
420360 10556
420400 10556
420440 10556
420480 10556
420520 10555
420560 10556
420600 10556
420640 10556
420680 10557
420720 10556
420760 10556
420800 10556
420840 10556
420880 10556
420920 10556
420960 10556
421000 10556
421040 10556
421080 10555
421120 10555
421160 10555
421200 10556
421240 10556
421280 10556
421320 10556
421360 10555
421400 10555
421440 10555
421480 10555
421520 10555
421560 10555
421600 10555
421640 10555
421680 10555
421720 10555
421760 10556
421800 10556
421840 10556
421880 10555
421920 10555
421960 10554
422000 10554
422040 10554
422080 10554
422120 10554
422160 10554
422200 10554
422240 10554
422280 10553
422320 10553
422360 10554
422400 10553
422440 10554
422480 10554
422520 10554
422560 10554
422600 10554
422640 10554
422680 10554
422720 10554
422760 10554
422800 10554
422840 10553
422880 10553
422920 10553
422960 10553
423000 10553
423040 10553
423080 10553
423120 10553
423160 10553
423200 10553
423240 10553
423280 10553
423320 10552
423360 10552
423400 10553
423440 10553
423480 10553
423520 10553
423560 10553
423600 10553
423640 10553
423680 10553
423720 10553
423760 10553
423800 10553
423840 10553
423880 10553
423920 10553
423960 10552
424000 10552
424040 10552
424080 10551
424120 10552
424160 10552
424200 10552
424240 10552
424280 10552
424320 10552
424360 10552
424400 10552
424440 10552
424480 10552
424520 10552
424560 10552
424600 10552
424640 10552
424680 10552
424720 10551
424760 10551
424800 10551
424840 10551
424880 10552
424920 10551
424960 10551
425000 10551
425040 10551
425080 10551
425120 10550
425160 10550
425200 10550
425240 10550
425280 10550
425320 10550
425360 10551
425400 10550
425440 10551
425480 10551
425520 10551
425560 10551
425600 10551
425640 10551
425680 10551
425720 10551
425760 10551
425800 10550
425840 10550
425880 10551
425920 10551
425960 10550
426000 10550
426040 10550
426080 10550
426120 10550
426160 10550
426200 10550
426240 10550
426280 10550
426320 10551
426360 10551
426400 10550
426440 10551
426480 10551
426520 10550
426560 10550
426600 10549
426640 10549
426680 10549
426720 10549
426760 10549
426800 10549
426840 10549
426880 10549
426920 10548
426960 10549
427000 10549
427040 10549
427080 10549
427120 10549
427160 10549
427200 10549
427240 10548
427280 10549
427320 10549
427360 10549
427400 10549
427440 10549
427480 10549
427520 10549
427560 10549
427600 10549
427640 10549
427680 10549
427720 10548
427760 10548
427800 10548
427840 10548
427880 10548
427920 10548
427960 10548
428000 10548
428040 10548
428080 10548
428120 10547
428160 10548
428200 10548
428240 10547
428280 10548
428320 10548
428360 10548
428400 10547
428440 10548
428480 10547
428520 10548
428560 10548
428600 10548
428640 10547
428680 10547
428720 10547
428760 10548
428800 10548
428840 10548
428880 10547
428920 10547
428960 10547
429000 10547
429040 10547
429080 10547
429120 10547
429160 10547
429200 10547
429240 10547
429280 10547
429320 10547
429360 10547
429400 10547
429440 10546
429480 10546
429520 10546
429560 10547
429600 10547
429640 10547
429680 10547
429720 10546
429760 10546
429800 10546
429840 10546
429880 10546
429920 10546
429960 10545
430000 10545
430040 10546
430080 10546
430120 10546
430160 10546
430200 10546
430240 10546
430280 10546
430320 10546
430360 10546
430400 10546
430440 10545
430480 10545
430520 10545
430560 10545
430600 10545
430640 10545
430680 10545
430720 10545
430760 10545
430800 10545
430840 10545
430880 10545
430920 10546
430960 10546
431000 10545
431040 10545
431080 10544
431120 10544
431160 10544
431200 10544
431240 10545
431280 10544
431320 10544
431360 10544
431400 10544
431440 10544
431480 10544
431520 10544
431560 10544
431600 10544
431640 10545
431680 10545
431720 10545
431760 10544
431800 10544
431840 10544
431880 10544
431920 10543
431960 10544
432000 10544
432040 10544
432080 10544
432120 10544
432160 10544
432200 10544
432240 10545
432280 10544
432320 10544
432360 10544
432400 10544
432440 10544
432480 10544
432520 10544
432560 10544
432600 10545
432640 10544
432680 10543
432720 10543
432760 10543
432800 10543
432840 10543
432880 10543
432920 10543
432960 10543
433000 10543
433040 10542
433080 10542
433120 10543
433160 10543
433200 10543
433240 10543
433280 10543
433320 10543
433360 10543
433400 10543
433440 10543
433480 10542
433520 10542
433560 10542
433600 10542
433640 10541
433680 10542
433720 10541
433760 10541
433800 10541
433840 10542
433880 10542
433920 10542
433960 10542
434000 10542
434040 10541
434080 10541
434120 10541
434160 10542
434200 10542
434240 10542
434280 10542
434320 10542
434360 10542
434400 10542
434440 10542
434480 10542
434520 10542
434560 10542
434600 10542
434640 10542
434680 10542
434720 10542
434760 10542
434800 10542
434840 10541
434880 10541
434920 10541
434960 10541
435000 10541
435040 10541
435080 10541
435120 10541
435160 10540
435200 10540
435240 10540
435280 10540
435320 10540
435360 10540
435400 10540
435440 10540
435480 10540
435520 10540
435560 10540
435600 10540
435640 10541
435680 10541
435720 10540
435760 10540
435800 10541
435840 10540
435880 10540
435920 10540
435960 10540
436000 10540
436040 10540
436080 10540
436120 10540
436160 10540
436200 10540
436240 10540
436280 10539
436320 10539
436360 10539
436400 10539
436440 10540
436480 10540
436520 10540
436560 10540
436600 10540
436640 10539
436680 10539
436720 10539
436760 10539
436800 10539
436840 10539
436880 10539
436920 10540
436960 10539
437000 10539
437040 10539
437080 10539
437120 10539
437160 10539
437200 10539
437240 10539
437280 10539
437320 10539
437360 10539
437400 10538
437440 10538
437480 10538
437520 10538
437560 10538
437600 10538
437640 10538
437680 10538
437720 10538
437760 10538
437800 10538
437840 10538
437880 10538
437920 10538
437960 10538
438000 10539
438040 10539
438080 10539
438120 10539
438160 10539
438200 10538
438240 10538
438280 10537
438320 10538
438360 10538
438400 10537
438440 10537
438480 10537
438520 10537
438560 10537
438600 10537
438640 10537
438680 10537
438720 10537
438760 10538
438800 10538
438840 10538
438880 10538
438920 10537
438960 10538
439000 10538
439040 10537
439080 10537
439120 10537
439160 10537
439200 10537
439240 10536
439280 10536
439320 10536
439360 10536
439400 10536
439440 10537
439480 10537
439520 10537
439560 10537
439600 10537
439640 10536
439680 10536
439720 10536
439760 10536
439800 10536
439840 10536
439880 10536
439920 10536
439960 10535
440000 10536
440040 10536
440080 10536
440120 10536
440160 10536
440200 10536
440240 10536
440280 10536
440320 10536
440360 10536
440400 10536
440440 10536
440480 10537
440520 10536
440560 10536
440600 10536
440640 10536
440680 10536
440720 10535
440760 10535
440800 10535
440840 10534
440880 10535
440920 10535
440960 10535
441000 10535
441040 10535
441080 10535
441120 10535
441160 10534
441200 10534
441240 10534
441280 10534
441320 10534
441360 10534
441400 10535
441440 10535
441480 10535
441520 10535
441560 10534
441600 10534
441640 10534
441680 10534
441720 10534
441760 10534
441800 10534
441840 10534
441880 10534
441920 10534
441960 10535
442000 10534
442040 10534
442080 10534
442120 10534
442160 10534
442200 10534
442240 10534
442280 10535
442320 10535
442360 10535
442400 10535
442440 10535
442480 10534
442520 10534
442560 10533
442600 10533
442640 10533
442680 10534
442720 10534
442760 10533
442800 10533
442840 10533
442880 10532
442920 10532
442960 10532
443000 10533
443040 10533
443080 10533
443120 10533
443160 10533
443200 10533
443240 10533
443280 10533
443320 10533
443360 10533
443400 10533
443440 10533
443480 10533
443520 10532
443560 10532
443600 10533
443640 10532
443680 10533
443720 10532
443760 10533
443800 10533
443840 10533
443880 10533
443920 10533
443960 10533
444000 10533
444040 10533
444080 10533
444120 10533
444160 10532
444200 10532
444240 10532
444280 10532
444320 10532
444360 10532
444400 10532
444440 10532
444480 10531
444520 10531
444560 10531
444600 10531
444640 10531
444680 10532
444720 10531
444760 10531
444800 10531
444840 10531
444880 10531
444920 10531
444960 10531
445000 10531
445040 10531
445080 10531
445120 10532
445160 10532
445200 10532
445240 10532
445280 10531
445320 10531
445360 10531
445400 10531
445440 10531
445480 10531
445520 10531
445560 10531
445600 10531
445640 10531
445680 10531
445720 10531
445760 10531
445800 10530
445840 10530
445880 10531
445920 10531
445960 10531
446000 10530
446040 10531
446080 10530
446120 10530
446160 10530
446200 10531
446240 10531
446280 10530
446320 10530
446360 10530
446400 10530
446440 10530
446480 10530
446520 10530
446560 10530
446600 10530
446640 10530
446680 10530
446720 10529
446760 10529
446800 10529
446840 10529
446880 10530
446920 10530
446960 10530
447000 10530
447040 10530
447080 10529
447120 10529
447160 10529
447200 10529
447240 10529
447280 10529
447320 10529
447360 10529
447400 10529
447440 10529
447480 10529
447520 10529
447560 10530
447600 10530
447640 10529
447680 10529
447720 10529
447760 10529
447800 10529
447840 10529
447880 10529
447920 10529
447960 10529
448000 10529
448040 10528
448080 10528
448120 10528
448160 10528
448200 10527
448240 10527
448280 10527
448320 10528
448360 10528
448400 10528
448440 10528
448480 10528
448520 10528
448560 10528
448600 10528
448640 10528
448680 10528
448720 10528
448760 10528
448800 10528
448840 10528
448880 10528
448920 10528
448960 10528
449000 10528
449040 10529
449080 10528
449120 10528
449160 10528
449200 10527
449240 10527
449280 10527
449320 10527
449360 10527
449400 10527
449440 10527
449480 10527
449520 10527
449560 10527
449600 10527
449640 10527
449680 10527
449720 10527
449760 10527
449800 10526
449840 10527
449880 10527
449920 10526
449960 10526
450000 10526
450040 10527
450080 10527
450120 10527
450160 10526
450200 10526
450240 10526
450280 10526
450320 10526
450360 10526
450400 10526
450440 10526
450480 10526
450520 10526
450560 10526
450600 10526
450640 10526
450680 10526
450720 10527
450760 10527
450800 10526
450840 10526
450880 10526
450920 10526
450960 10526
451000 10526
451040 10526
451080 10526
451120 10526
451160 10525
451200 10525
451240 10526
451280 10526
451320 10526
451360 10526
451400 10526
451440 10526
451480 10526
451520 10526
451560 10526
451600 10525
451640 10525
451680 10525
451720 10525
451760 10524
451800 10525
451840 10524
451880 10525
451920 10525
451960 10525
452000 10525
452040 10525
452080 10524
452120 10525
452160 10525
452200 10525
452240 10524
452280 10524
452320 10524
452360 10524
452400 10524
452440 10524
452480 10524
452520 10524
452560 10524
452600 10524
452640 10524
452680 10524
452720 10524
452760 10523
452800 10523
452840 10524
452880 10524
452920 10524
452960 10524
453000 10525
453040 10525
453080 10524
453120 10525
453160 10524
453200 10524
453240 10525
453280 10524
453320 10524
453360 10524
453400 10524
453440 10524
453480 10523
453520 10523
453560 10523
453600 10523
453640 10524
453680 10524
453720 10523
453760 10523
453800 10523
453840 10523
453880 10523
453920 10523
453960 10524
454000 10523
454040 10523
454080 10523
454120 10523
454160 10523
454200 10523
454240 10523
454280 10522
454320 10522
454360 10523
454400 10522
454440 10522
454480 10522
454520 10523
454560 10523
454600 10523
454640 10522
454680 10522
454720 10522
454760 10522
454800 10522
454840 10522
454880 10522
454920 10522
454960 10522
455000 10522
455040 10522
455080 10522
455120 10522
455160 10522
455200 10522
455240 10522
455280 10522
455320 10522
455360 10522
455400 10522
455440 10521
455480 10522
455520 10522
455560 10522
455600 10523
455640 10522
455680 10522
455720 10522
455760 10522
455800 10521
455840 10521
455880 10521
455920 10521
455960 10520
456000 10521
456040 10521
456080 10521
456120 10521
456160 10521
456200 10521
456240 10521
456280 10521
456320 10521
456360 10521
456400 10521
456440 10521
456480 10521
456520 10521
456560 10521
456600 10521
456640 10521
456680 10521
456720 10520
456760 10520
456800 10521
456840 10520
456880 10520
456920 10520
456960 10521
457000 10521
457040 10521
457080 10520
457120 10521
457160 10520
457200 10521
457240 10520
457280 10520
457320 10520
457360 10519
457400 10519
457440 10519
457480 10519
457520 10519
457560 10520
457600 10520
457640 10520
457680 10519
457720 10519
457760 10519
457800 10519
457840 10519
457880 10519
457920 10520
457960 10520
458000 10520
458040 10520
458080 10520
458120 10520
458160 10520
458200 10520
458240 10519
458280 10519
458320 10520
458360 10519
458400 10520
458440 10519
458480 10519
458520 10519
458560 10518
458600 10518
458640 10518
458680 10518
458720 10518
458760 10518
458800 10518
458840 10519
458880 10519
458920 10519
458960 10519
459000 10519
459040 10519
459080 10519
459120 10519
459160 10519
459200 10518
459240 10518
459280 10518
459320 10518
459360 10518
459400 10518
459440 10518
459480 10518
459520 10518
459560 10518
459600 10518
459640 10518
459680 10518
459720 10518
459760 10518
459800 10518
459840 10517
459880 10518
459920 10518
459960 10517
460000 10517
460040 10518
460080 10517
460120 10518
460160 10518
460200 10517
460240 10517
460280 10517
460320 10518
460360 10518
460400 10518
460440 10518
460480 10517
460520 10517
460560 10517
460600 10517
460640 10517
460680 10518
460720 10517
460760 10517
460800 10517
460840 10517
460880 10517
460920 10517
460960 10516
461000 10516
461040 10516
461080 10516
461120 10516
461160 10517
461200 10517
461240 10517
461280 10517
461320 10517
461360 10517
461400 10517
461440 10517
461480 10517
461520 10516
461560 10516
461600 10516
461640 10516
461680 10516
461720 10516
461760 10516
461800 10516
461840 10515
461880 10516
461920 10516
461960 10516
462000 10516
462040 10515
462080 10516
462120 10515
462160 10516
462200 10516
462240 10516
462280 10516
462320 10516
462360 10516
462400 10516
462440 10516
462480 10515
462520 10515
462560 10515
462600 10515
462640 10515
462680 10515
462720 10515
462760 10515
462800 10515
462840 10515
462880 10515
462920 10515
462960 10516
463000 10516
463040 10516
463080 10516
463120 10515
463160 10516
463200 10516
463240 10515
463280 10515
463320 10515
463360 10515
463400 10515
463440 10515
463480 10515
463520 10515
463560 10514
463600 10514
463640 10514
463680 10513
463720 10513
463760 10514
463800 10514
463840 10514
463880 10513
463920 10514
463960 10514
464000 10514
464040 10514
464080 10514
464120 10514
464160 10514
464200 10514
464240 10514
464280 10513
464320 10514
464360 10514
464400 10514
464440 10514
464480 10513
464520 10514
464560 10514
464600 10514
464640 10514
464680 10515
464720 10514
464760 10514
464800 10513
464840 10513
464880 10513
464920 10513
464960 10513
465000 10513
465040 10513
465080 10514
465120 10513
465160 10513
465200 10513
465240 10512
465280 10512
465320 10513
465360 10513
465400 10513
465440 10513
465480 10513
465520 10513
465560 10513
465600 10512
465640 10512
465680 10513
465720 10513
465760 10512
465800 10512
465840 10512
465880 10512
465920 10512
465960 10512
466000 10512
466040 10512
466080 10513
466120 10512
466160 10512
466200 10513
466240 10512
466280 10512
466320 10512
466360 10513
466400 10512
466440 10513
466480 10512
466520 10512
466560 10512
466600 10512
466640 10512
466680 10512
466720 10513
466760 10512
466800 10512
466840 10512
466880 10511
466920 10511
466960 10511
467000 10511
467040 10511
467080 10511
467120 10511
467160 10511
467200 10511
467240 10511
467280 10511
467320 10511
467360 10511
467400 10511
467440 10511
467480 10510
467520 10510
467560 10510
467600 10510
467640 10510
467680 10510
467720 10510
467760 10510
467800 10510
467840 10510
467880 10510
467920 10510
467960 10511
468000 10510
468040 10511
468080 10511
468120 10511
468160 10510
468200 10510
468240 10511
468280 10511
468320 10511
468360 10511
468400 10511
468440 10511
468480 10511
468520 10511
468560 10511
468600 10510
468640 10510
468680 10511
468720 10511
468760 10510
468800 10510
468840 10510
468880 10510
468920 10510
468960 10510
469000 10510
469040 10510
469080 10509
469120 10509
469160 10509
469200 10510
469240 10509
469280 10509
469320 10509
469360 10509
469400 10509
469440 10509
469480 10509
469520 10509
469560 10509
469600 10510
469640 10509
469680 10510
469720 10509
469760 10509
469800 10510
469840 10509
469880 10509
469920 10509
469960 10509
470000 10509
470040 10509
470080 10509
470120 10509
470160 10509
470200 10509
470240 10508
470280 10508
470320 10508
470360 10508
470400 10507
470440 10507
470480 10507
470520 10508
470560 10507
470600 10507
470640 10507
470680 10507
470720 10507
470760 10508
470800 10508
470840 10508
470880 10508
470920 10508
470960 10508
471000 10508
471040 10508
471080 10508
471120 10508
471160 10508
471200 10508
471240 10508
471280 10508
471320 10507
471360 10507
471400 10507
471440 10507
471480 10507
471520 10508
471560 10507
471600 10508
471640 10507
471680 10507
471720 10507
471760 10507
471800 10508
471840 10508
471880 10508
471920 10508
471960 10508
472000 10508
472040 10508
472080 10508
472120 10507
472160 10507
472200 10507
472240 10507
472280 10507
472320 10506
472360 10506
472400 10507
472440 10506
472480 10506
472520 10506
472560 10506
472600 10506
472640 10507
472680 10507
472720 10507
472760 10507
472800 10506
472840 10506
472880 10506
472920 10506
472960 10507
473000 10507
473040 10506
473080 10506
473120 10506
473160 10506
473200 10505
473240 10505
473280 10505
473320 10505
473360 10505
473400 10505
473440 10505
473480 10505
473520 10504
473560 10505
473600 10505
473640 10505
473680 10506
473720 10506
473760 10506
473800 10505
473840 10506
473880 10506
473920 10505
473960 10506
474000 10506
474040 10506
474080 10506
474120 10506
474160 10506
474200 10505
474240 10505
474280 10505
474320 10504
474360 10505
474400 10504
474440 10504
474480 10505
474520 10505
474560 10505
474600 10505
474640 10505
474680 10505
474720 10505
474760 10505
474800 10505
474840 10505
474880 10505
474920 10505
474960 10505
475000 10505
475040 10505
475080 10504
475120 10504
475160 10504
475200 10504
475240 10504
475280 10504
475320 10504
475360 10504
475400 10504
475440 10504
475480 10504
475520 10504
475560 10503
475600 10503
475640 10504
475680 10504
475720 10504
475760 10504
475800 10504
475840 10504
475880 10503
475920 10504
475960 10504
476000 10504
476040 10504
476080 10503
476120 10503
476160 10503
476200 10502
476240 10503
476280 10503
476320 10503
476360 10503
476400 10503
476440 10503
476480 10503
476520 10503
476560 10503
476600 10503
476640 10503
476680 10503
476720 10503
476760 10503
476800 10503
476840 10503
476880 10502
476920 10502
476960 10502
477000 10502
477040 10502
477080 10503
477120 10503
477160 10502
477200 10502
477240 10502
477280 10502
477320 10503
477360 10502
477400 10503
477440 10502
477480 10502
477520 10502
477560 10502
477600 10502
477640 10502
477680 10502
477720 10502
477760 10502
477800 10502
477840 10502
477880 10502
477920 10502
477960 10502
478000 10502
478040 10502
478080 10503
478120 10502
478160 10502
478200 10502
478240 10502
478280 10502
478320 10502
478360 10502
478400 10501
478440 10501
478480 10501
478520 10501
478560 10501
478600 10501
478640 10502
478680 10502
478720 10502
478760 10502
478800 10502
478840 10502
478880 10502
478920 10501
478960 10501
479000 10500
479040 10500
479080 10501
479120 10500
479160 10500
479200 10500
479240 10500
479280 10500
479320 10500
479360 10500
479400 10500
479440 10501
479480 10501
479520 10501
479560 10502
479600 10501
479640 10501
479680 10501
479720 10501
479760 10501
479800 10500
479840 10500
479880 10500
479920 10500
479960 10500
480000 10500
480040 10500
480080 10500
480120 10500
480160 10500
480200 10500
480240 10499
480280 10499
480320 10500
480360 10500
480400 10500
480440 10500
480480 10500
480520 10500
480560 10500
480600 10500
480640 10500
480680 10499
480720 10499
480760 10499
480800 10499
480840 10499
480880 10499
480920 10499
480960 10499
481000 10499
481040 10499
481080 10500
481120 10499
481160 10499
481200 10500
481240 10500
481280 10500
481320 10499
481360 10499
481400 10499
481440 10498
481480 10498
481520 10498
481560 10498
481600 10499
481640 10499
481680 10499
481720 10498
481760 10499
481800 10499
481840 10499
481880 10499
481920 10498
481960 10498
482000 10498
482040 10498
482080 10498
482120 10498
482160 10498
482200 10499
482240 10499
482280 10498
482320 10498
482360 10498
482400 10498
482440 10498
482480 10498
482520 10498
482560 10498
482600 10498
482640 10498
482680 10498
482720 10498
482760 10498
482800 10498
482840 10498
482880 10498
482920 10497
482960 10498
483000 10498
483040 10497
483080 10497
483120 10497
483160 10497
483200 10497
483240 10498
483280 10497
483320 10497
483360 10497
483400 10497
483440 10497
483480 10497
483520 10497
483560 10497
483600 10496
483640 10497
483680 10496
483720 10497
483760 10497
483800 10496
483840 10496
483880 10496
483920 10496
483960 10497
484000 10497
484040 10497
484080 10497
484120 10497
484160 10497
484200 10498
484240 10497
484280 10497
484320 10497
484360 10497
484400 10496
484440 10496
484480 10496
484520 10497
484560 10497
484600 10497
484640 10497
484680 10497
484720 10496
484760 10496
484800 10496
484840 10496
484880 10496
484920 10496
484960 10496
485000 10495
485040 10495
485080 10495
485120 10495
485160 10495
485200 10495
485240 10496
485280 10496
485320 10496
485360 10496
485400 10496
485440 10496
485480 10495
485520 10496
485560 10495
485600 10496
485640 10496
485680 10495
485720 10495
485760 10496
485800 10495
485840 10495
485880 10495
485920 10495
485960 10495
486000 10494
486040 10494
486080 10494
486120 10495
486160 10494
486200 10494
486240 10494
486280 10494
486320 10494
486360 10495
486400 10495
486440 10495
486480 10495
486520 10495
486560 10495
486600 10495
486640 10495
486680 10495
486720 10495
486760 10495
486800 10495
486840 10494
486880 10494
486920 10494
486960 10494
487000 10494
487040 10494
487080 10494
487120 10494
487160 10494
487200 10493
487240 10493
487280 10494
487320 10494
487360 10493
487400 10493
487440 10493
487480 10493
487520 10493
487560 10494
487600 10494
487640 10494
487680 10494
487720 10493
487760 10493
487800 10494
487840 10493
487880 10493
487920 10494
487960 10493
488000 10494
488040 10493
488080 10493
488120 10492
488160 10492
488200 10493
488240 10492
488280 10493
488320 10492
488360 10493
488400 10493
488440 10493
488480 10493
488520 10493
488560 10493
488600 10493
488640 10493
488680 10493
488720 10493
488760 10493
488800 10493
488840 10493
488880 10493
488920 10493
488960 10493
489000 10493
489040 10493
489080 10493
489120 10493
489160 10493
489200 10492
489240 10492
489280 10492
489320 10492
489360 10492
489400 10492
489440 10491
489480 10492
489520 10491
489560 10492
489600 10491
489640 10491
489680 10492
489720 10492
489760 10492
489800 10492
489840 10492
489880 10492
489920 10492
489960 10492
490000 10492
490040 10492
490080 10492
490120 10492
490160 10492
490200 10491
490240 10492
490280 10491
490320 10491
490360 10491
490400 10490
490440 10491
490480 10491
490520 10490
490560 10490
490600 10491
490640 10491
490680 10491
490720 10491
490760 10491
490800 10491
490840 10491
490880 10491
490920 10491
490960 10491
491000 10490
491040 10491
491080 10491
491120 10490
491160 10490
491200 10490
491240 10491
491280 10491
491320 10491
491360 10491
491400 10491
491440 10491
491480 10490
491520 10490
491560 10491
491600 10491
491640 10491
491680 10491
491720 10491
491760 10491
491800 10491
491840 10490
491880 10490
491920 10490
491960 10490
492000 10489
492040 10489
492080 10490
492120 10490
492160 10490
492200 10490
492240 10490
492280 10489
492320 10490
492360 10490
492400 10489
492440 10490
492480 10490
492520 10490
492560 10489
492600 10489
492640 10490
492680 10490
492720 10490
492760 10490
492800 10490
492840 10489
492880 10489
492920 10489
492960 10489
493000 10489
493040 10488
493080 10489
493120 10489
493160 10489
493200 10489
493240 10489
493280 10489
493320 10489
493360 10489
493400 10489
493440 10489
493480 10489
493520 10489
493560 10489
493600 10488
493640 10489
493680 10488
493720 10489
493760 10489
493800 10489
493840 10489
493880 10489
493920 10489
493960 10488
494000 10488
494040 10489
494080 10488
494120 10488
494160 10488
494200 10487
494240 10487
494280 10487
494320 10487
494360 10487
494400 10487
494440 10488
494480 10488
494520 10488
494560 10488
494600 10488
494640 10488
494680 10488
494720 10488
494760 10488
494800 10488
494840 10488
494880 10488
494920 10488
494960 10488
495000 10488
495040 10488
495080 10488
495120 10488
495160 10488
495200 10488
495240 10487
495280 10488
495320 10487
495360 10488
495400 10488
495440 10488
495480 10488
495520 10487
495560 10488
495600 10487
495640 10487
495680 10486
495720 10486
495760 10486
495800 10486
495840 10486
495880 10485
495920 10486
495960 10486
496000 10486
496040 10487
496080 10487
496120 10487
496160 10487
496200 10487
496240 10487
496280 10487
496320 10486
496360 10486
496400 10486
496440 10486
496480 10486
496520 10486
496560 10486
496600 10486
496640 10486
496680 10486
496720 10487
496760 10486
496800 10486
496840 10486
496880 10486
496920 10486
496960 10486
497000 10486
497040 10485
497080 10485
497120 10485
497160 10485
497200 10485
497240 10485
497280 10485
497320 10485
497360 10485
497400 10485
497440 10484
497480 10484
497520 10484
497560 10485
497600 10485
497640 10485
497680 10486
497720 10486
497760 10486
497800 10486
497840 10485
497880 10485
497920 10485
497960 10485
498000 10486
498040 10485
498080 10485
498120 10485
498160 10485
498200 10484
498240 10484
498280 10485
498320 10484
498360 10484
498400 10484
498440 10484
498480 10484
498520 10484
498560 10484
498600 10484
498640 10484
498680 10484
498720 10484
498760 10484
498800 10484
498840 10484
498880 10484
498920 10484
498960 10484
499000 10484
499040 10484
499080 10484
499120 10484
499160 10484
499200 10484
499240 10484
499280 10484
499320 10484
499360 10485
499400 10484
499440 10484
499480 10484
499520 10484
499560 10484
499600 10484
499640 10484
499680 10484
499720 10484
499760 10484
499800 10483
499840 10483
499880 10483
499920 10483
499960 10483
500000 10483
500040 10483
500080 10483
500120 10483
500160 10483
500200 10483
500240 10483
500280 10483
500320 10483
500360 10483
500400 10483
500440 10483
500480 10483
500520 10483
500560 10484
500600 10484
500640 10483
500680 10483
500720 10482
500760 10482
500800 10482
500840 10482
500880 10482
500920 10482
500960 10482
501000 10482
501040 10482
501080 10482
501120 10482
501160 10482
501200 10482
501240 10482
501280 10482
501320 10482
501360 10482
501400 10482
501440 10482
501480 10482
501520 10482
501560 10481
501600 10482
501640 10482
501680 10482
501720 10482
501760 10482
501800 10481
501840 10481
501880 10482
501920 10482
501960 10481
502000 10482
502040 10481
502080 10481
502120 10481
502160 10481
502200 10481
502240 10481
502280 10482
502320 10481
502360 10481
502400 10482
502440 10482
502480 10481
502520 10481
502560 10481
502600 10482
502640 10482
502680 10481
502720 10481
502760 10481
502800 10481
502840 10481
502880 10480
502920 10480
502960 10480
503000 10480
503040 10480
503080 10480
503120 10480
503160 10481
503200 10480
503240 10480
503280 10481
503320 10481
503360 10480
503400 10481
503440 10480
503480 10480
503520 10480
503560 10479
503600 10480
503640 10480
503680 10480
503720 10480
503760 10479
503800 10479
503840 10479
503880 10479
503920 10479
503960 10480
504000 10480
504040 10480
504080 10480
504120 10480
504160 10481
504200 10480
504240 10480
504280 10480
504320 10480
504360 10480
504400 10480
504440 10480
504480 10480
504520 10479
504560 10479
504600 10479
504640 10479
504680 10479
504720 10479
504760 10479
504800 10479
504840 10479
504880 10480
504920 10479
504960 10479
505000 10478
505040 10478
505080 10478
505120 10478
505160 10479
505200 10479
505240 10479
505280 10479
505320 10479
505360 10479
505400 10479
505440 10478
505480 10478
505520 10478
505560 10478
505600 10478
505640 10478
505680 10478
505720 10478
505760 10478
505800 10479
505840 10478
505880 10478
505920 10478
505960 10477
506000 10477
506040 10477
506080 10477
506120 10477
506160 10478
506200 10478
506240 10478
506280 10478
506320 10478
506360 10478
506400 10478
506440 10478
506480 10479
506520 10478
506560 10478
506600 10478
506640 10478
506680 10478
506720 10477
506760 10477
506800 10477
506840 10477
506880 10478
506920 10477
506960 10477
507000 10477
507040 10477
507080 10477
507120 10477
507160 10477
507200 10477
507240 10478
507280 10477
507320 10477
507360 10477
507400 10477
507440 10477
507480 10477
507520 10477
507560 10477
507600 10477
507640 10477
507680 10477
507720 10477
507760 10477
507800 10477
507840 10477
507880 10476
507920 10476
507960 10476
508000 10476
508040 10475
508080 10475
508120 10475
508160 10475
508200 10475
508240 10475
508280 10475
508320 10475
508360 10475
508400 10475
508440 10476
508480 10476
508520 10476
508560 10476
508600 10476
508640 10476
508680 10476
508720 10476
508760 10476
508800 10476
508840 10476
508880 10476
508920 10477
508960 10476
509000 10476
509040 10477
509080 10477
509120 10476
509160 10476
509200 10476
509240 10475
509280 10475
509320 10475
509360 10475
509400 10475
509440 10475
509480 10475
509520 10474
509560 10474
509600 10474
509640 10475
509680 10475
509720 10475
509760 10475
509800 10476
509840 10476
509880 10475
509920 10475
509960 10474
510000 10475
510040 10475
510080 10475
510120 10475
510160 10474
510200 10474
510240 10474
510280 10474
510320 10474
510360 10474
510400 10474
510440 10474
510480 10474
510520 10474
510560 10474
510600 10474
510640 10474
510680 10473
510720 10473
510760 10474
510800 10474
510840 10474
510880 10474
510920 10474
510960 10474
511000 10474
511040 10474
511080 10474
511120 10474
511160 10473
511200 10473
511240 10474
511280 10473
511320 10474
511360 10473
511400 10473
511440 10473
511480 10473
511520 10473
511560 10474
511600 10474
511640 10474
511680 10474
511720 10474
511760 10474
511800 10474
511840 10474
511880 10474
511920 10474
511960 10474
512000 10474
512040 10474
512080 10473
512120 10472
512160 10473
512200 10473
512240 10473
512280 10473
512320 10472
512360 10473
512400 10473
512440 10472
512480 10472
512520 10473
512560 10473
512600 10473
512640 10473
512680 10473
512720 10473
512760 10473
512800 10473
512840 10472
512880 10472
512920 10472
512960 10472
513000 10472
513040 10471
513080 10472
513120 10472
513160 10472
513200 10471
513240 10471
513280 10471
513320 10471
513360 10471
513400 10471
513440 10472
513480 10472
513520 10472
513560 10472
513600 10472
513640 10472
513680 10472
513720 10472
513760 10472
513800 10471
513840 10472
513880 10471
513920 10471
513960 10472
514000 10471
514040 10471
514080 10471
514120 10471
514160 10471
514200 10471
514240 10471
514280 10471
514320 10471
514360 10471
514400 10471
514440 10471
514480 10471
514520 10471
514560 10471
514600 10471
514640 10470
514680 10471
514720 10471
514760 10471
514800 10471
514840 10471
514880 10470
514920 10470
514960 10470
515000 10470
515040 10470
515080 10470
515120 10470
515160 10470
515200 10471
515240 10470
515280 10470
515320 10471
515360 10471
515400 10471
515440 10470
515480 10469
515520 10469
515560 10469
515600 10469
515640 10469
515680 10469
515720 10470
515760 10470
515800 10470
515840 10470
515880 10471
515920 10471
515960 10471
516000 10470
516040 10470
516080 10470
516120 10470
516160 10470
516200 10470
516240 10470
516280 10470
516320 10469
516360 10469
516400 10469
516440 10469
516480 10469
516520 10469
516560 10468
516600 10468
516640 10468
516680 10468
516720 10469
516760 10469
516800 10469
516840 10469
516880 10469
516920 10469
516960 10468
517000 10468
517040 10469
517080 10469
517120 10470
517160 10469
517200 10470
517240 10469
517280 10469
517320 10469
517360 10468
517400 10467
517440 10467
517480 10467
517520 10468
517560 10468
517600 10468
517640 10468
517680 10468
517720 10468
517760 10468
517800 10468
517840 10468
517880 10469
517920 10468
517960 10468
518000 10468
518040 10468
518080 10468
518120 10468
518160 10468
518200 10468
518240 10468
518280 10468
518320 10468
518360 10468
518400 10469
518440 10469
518480 10469
518520 10469
518560 10468
518600 10468
518640 10468
518680 10468
518720 10468
518760 10468
518800 10468
518840 10467
518880 10467
518920 10466
518960 10467
519000 10466
519040 10467
519080 10467
519120 10466
519160 10466
519200 10466
519240 10467
519280 10467
519320 10467
519360 10467
519400 10467
519440 10467
519480 10467
519520 10467
519560 10467
519600 10467
519640 10467
519680 10466
519720 10467
519760 10466
519800 10466
519840 10466
519880 10466
519920 10466
519960 10466
520000 10466
520040 10466
520080 10465
520120 10466
520160 10466
520200 10466
520240 10466
520280 10466
520320 10466
520360 10466
520400 10466
520440 10466
520480 10466
520520 10466
520560 10466
520600 10465
520640 10466
520680 10466
520720 10466
520760 10466
520800 10466
520840 10466
520880 10466
520920 10466
520960 10467
521000 10466
521040 10466
521080 10466
521120 10466
521160 10466
521200 10466
521240 10466
521280 10466
521320 10465
521360 10465
521400 10465
521440 10465
521480 10465
521520 10465
521560 10465
521600 10465
521640 10465
521680 10465
521720 10465
521760 10464
521800 10464
521840 10464
521880 10464
521920 10464
521960 10464
522000 10464
522040 10464
522080 10464
522120 10464
522160 10464
522200 10464
522240 10465
522280 10464
522320 10464
522360 10464
522400 10464
522440 10464
522480 10463
522520 10463
522560 10464
522600 10463
522640 10464
522680 10464
522720 10464
522760 10464
522800 10464
522840 10465
522880 10465
522920 10464
522960 10464
523000 10464
523040 10463
523080 10463
523120 10463
523160 10464
523200 10464
523240 10465
523280 10465
523320 10464
523360 10464
523400 10464
523440 10464
523480 10463
523520 10463
523560 10464
523600 10463
523640 10463
523680 10463
523720 10463
523760 10463
523800 10463
523840 10463
523880 10463
523920 10463
523960 10463
524000 10463
524040 10463
524080 10463
524120 10463
524160 10463
524200 10463
524240 10463
524280 10463
524320 10463
524360 10463
524400 10463
524440 10463
524480 10463
524520 10463
524560 10462
524600 10462
524640 10462
524680 10462
524720 10462
524760 10463
524800 10462
524840 10462
524880 10462
524920 10462
524960 10462
525000 10462
525040 10462
525080 10463
525120 10462
525160 10462
525200 10463
525240 10462
525280 10462
525320 10462
525360 10462
525400 10462
525440 10462
525480 10462
525520 10462
525560 10462
525600 10462
525640 10462
525680 10462
525720 10462
525760 10462
525800 10462
525840 10461
525880 10461
525920 10461
525960 10461
526000 10461
526040 10462
526080 10462
526120 10462
526160 10462
526200 10462
526240 10461
526280 10461
526320 10460
526360 10460
526400 10460
526440 10461
526480 10460
526520 10460
526560 10461
526600 10460
526640 10461
526680 10460
526720 10461
526760 10461
526800 10461
526840 10461
526880 10461
526920 10461
526960 10461
527000 10461
527040 10461
527080 10461
527120 10462
527160 10461
527200 10461
527240 10461
527280 10461
527320 10461
527360 10461
527400 10460
527440 10460
527480 10460
527520 10460
527560 10460
527600 10460
527640 10460
527680 10460
527720 10460
527760 10460
527800 10460
527840 10460
527880 10460
527920 10459
527960 10459
528000 10460
528040 10460
528080 10460
528120 10460
528160 10460
528200 10460
528240 10460
528280 10460
528320 10460
528360 10460
528400 10460
528440 10460
528480 10460
528520 10460
528560 10459
528600 10459
528640 10459
528680 10460
528720 10460
528760 10460
528800 10460
528840 10460
528880 10459
528920 10459
528960 10459
529000 10459
529040 10458
529080 10459
529120 10459
529160 10459
529200 10459
529240 10459
529280 10459
529320 10459
529360 10459
529400 10459
529440 10459
529480 10459
529520 10458
529560 10458
529600 10458
529640 10458
529680 10458
529720 10458
529760 10458
529800 10458
529840 10458
529880 10458
529920 10458
529960 10459
530000 10459
530040 10458
530080 10458
530120 10458
530160 10458
530200 10458
530240 10458
530280 10458
530320 10457
530360 10458
530400 10458
530440 10457
530480 10458
530520 10458
530560 10457
530600 10458
530640 10457
530680 10457
530720 10457
530760 10457
530800 10457
530840 10457
530880 10457
530920 10458
530960 10458
531000 10458
531040 10458
531080 10458
531120 10458
531160 10458
531200 10458
531240 10458
531280 10458
531320 10458
531360 10458
531400 10457
531440 10457
531480 10457
531520 10456
531560 10456
531600 10456
531640 10456
531680 10457
531720 10457
531760 10457
531800 10457
531840 10458
531880 10457
531920 10457
531960 10457
532000 10457
532040 10457
532080 10457
532120 10457
532160 10457
532200 10457
532240 10456
532280 10457
532320 10456
532360 10456
532400 10456
532440 10456
532480 10455
532520 10456
532560 10455
532600 10456
532640 10456
532680 10456
532720 10456
532760 10456
532800 10456
532840 10456
532880 10456
532920 10456
532960 10456
533000 10456
533040 10456
533080 10456
533120 10455
533160 10456
533200 10456
533240 10455
533280 10455
533320 10456
533360 10455
533400 10455
533440 10456
533480 10455
533520 10455
533560 10455
533600 10455
533640 10455
533680 10455
533720 10455
533760 10455
533800 10455
533840 10455
533880 10455
533920 10455
533960 10455
534000 10455
534040 10455
534080 10455
534120 10455
534160 10455
534200 10455
534240 10455
534280 10455
534320 10455
534360 10455
534400 10455
534440 10455
534480 10454
534520 10454
534560 10454
534600 10455
534640 10455
534680 10455
534720 10455
534760 10455
534800 10455
534840 10455
534880 10455
534920 10455
534960 10454
535000 10453
535040 10453
535080 10453
535120 10453
535160 10453
535200 10454
535240 10454
535280 10454
535320 10454
535360 10454
535400 10454
535440 10454
535480 10454
535520 10453
535560 10454
535600 10454
535640 10454
535680 10454
535720 10454
535760 10453
535800 10453
535840 10453
535880 10454
535920 10454
535960 10453
536000 10453
536040 10453
536080 10453
536120 10453
536160 10453
536200 10453
536240 10453
536280 10453
536320 10453
536360 10454
536400 10453
536440 10453
536480 10453
536520 10453
536560 10453
536600 10453
536640 10454
536680 10453
536720 10453
536760 10453
536800 10453
536840 10453
536880 10453
536920 10453
536960 10453
537000 10452
537040 10452
537080 10452
537120 10452
537160 10452
537200 10452
537240 10452
537280 10452
537320 10452
537360 10452
537400 10452
537440 10452
537480 10452
537520 10452
537560 10452
537600 10452
537640 10453
537680 10453
537720 10453
537760 10452
537800 10452
537840 10453
537880 10452
537920 10452
537960 10452
538000 10452
538040 10452
538080 10452
538120 10452
538160 10452
538200 10452
538240 10452
538280 10452
538320 10451
538360 10451
538400 10451
538440 10451
538480 10451
538520 10451
538560 10451
538600 10451
538640 10451
538680 10451
538720 10451
538760 10451
538800 10451
538840 10450
538880 10450
538920 10451
538960 10450
539000 10450
539040 10451
539080 10451
539120 10451
539160 10451
539200 10452
539240 10451
539280 10452
539320 10451
539360 10451
539400 10451
539440 10451
539480 10451
539520 10451
539560 10451
539600 10450
539640 10450
539680 10450
539720 10450
539760 10450
539800 10450
539840 10450
539880 10451
539920 10451
539960 10450
540000 10450
540040 10450
540080 10451
540120 10451
540160 10451
540200 10451
540240 10450
540280 10450
540320 10450
540360 10450
540400 10450
540440 10451
540480 10450
540520 10450
540560 10450
540600 10450
540640 10450
540680 10450
540720 10450
540760 10450
540800 10450
540840 10449
540880 10449
540920 10449
540960 10449
541000 10449
541040 10449
541080 10449
541120 10449
541160 10448
541200 10448
541240 10448
541280 10448
541320 10448
541360 10448
541400 10448
541440 10448
541480 10448
541520 10448
541560 10449
541600 10449
541640 10449
541680 10449
541720 10449
541760 10450
541800 10450
541840 10450
541880 10449
541920 10449
541960 10449
542000 10449
542040 10449
542080 10449
542120 10449
542160 10449
542200 10449
542240 10449
542280 10449
542320 10449
542360 10449
542400 10449
542440 10448
542480 10448
542520 10448
542560 10448
542600 10448
542640 10448
542680 10448
542720 10448
542760 10448
542800 10448
542840 10449
542880 10449
542920 10448
542960 10447
543000 10447
543040 10447
543080 10447
543120 10448
543160 10447
543200 10447
543240 10447
543280 10448
543320 10447
543360 10448
543400 10448
543440 10448
543480 10448
543520 10448
543560 10448
543600 10447
543640 10448
543680 10447
543720 10447
543760 10447
543800 10447
543840 10447
543880 10447
543920 10447
543960 10447
544000 10447
544040 10446
544080 10446
544120 10446
544160 10446
544200 10446
544240 10447
544280 10447
544320 10446
544360 10447
544400 10446
544440 10446
544480 10446
544520 10446
544560 10447
544600 10447
544640 10447
544680 10447
544720 10448
544760 10448
544800 10448
544840 10447
544880 10447
544920 10447
544960 10447
545000 10447
545040 10446
545080 10446
545120 10446
545160 10446
545200 10446
545240 10445
545280 10445
545320 10445
545360 10445
545400 10446
545440 10446
545480 10446
545520 10446
545560 10446
545600 10446
545640 10446
545680 10446
545720 10445
545760 10445
545800 10445
545840 10445
545880 10445
545920 10446
545960 10445
546000 10445
546040 10445
546080 10445
546120 10445
546160 10445
546200 10445
546240 10445
546280 10446
546320 10446
546360 10446
546400 10446
546440 10446
546480 10446
546520 10446
546560 10446
546600 10446
546640 10446
546680 10445
546720 10445
546760 10445
546800 10446
546840 10446
546880 10446
546920 10445
546960 10445
547000 10444
547040 10444
547080 10444
547120 10444
547160 10444
547200 10444
547240 10445
547280 10445
547320 10444
547360 10444
547400 10444
547440 10445
547480 10445
547520 10444
547560 10444
547600 10445
547640 10444
547680 10444
547720 10444
547760 10444
547800 10444
547840 10444
547880 10444
547920 10444
547960 10444
548000 10443
548040 10443
548080 10444
548120 10444
548160 10444
548200 10444
548240 10444
548280 10445
548320 10445
548360 10445
548400 10445
548440 10444
548480 10445
548520 10445
548560 10444
548600 10444
548640 10444
548680 10444
548720 10444
548760 10444
548800 10443
548840 10443
548880 10443
548920 10442
548960 10443
549000 10443
549040 10443
549080 10443
549120 10443
549160 10443
549200 10442
549240 10442
549280 10442
549320 10442
549360 10442
549400 10442
549440 10443
549480 10443
549520 10443
549560 10443
549600 10444
549640 10443
549680 10443
549720 10443
549760 10443
549800 10443
549840 10443
549880 10443
549920 10443
549960 10444
550000 10444
550040 10443
550080 10443
550120 10443
550160 10443
550200 10443
550240 10443
550280 10443
550320 10443
550360 10443
550400 10442
550440 10442
550480 10442
550520 10442
550560 10442
550600 10442
550640 10441
550680 10441
550720 10441
550760 10441
550800 10441
550840 10441
550880 10441
550920 10441
550960 10441
551000 10441
551040 10441
551080 10441
551120 10442
551160 10441
551200 10442
551240 10441
551280 10441
551320 10441
551360 10441
551400 10441
551440 10441
551480 10441
551520 10441
551560 10442
551600 10441
551640 10441
551680 10441
551720 10441
551760 10441
551800 10441
551840 10442
551880 10442
551920 10442
551960 10441
552000 10441
552040 10441
552080 10441
552120 10441
552160 10441
552200 10441
552240 10441
552280 10441
552320 10441
552360 10441
552400 10441
552440 10440
552480 10440
552520 10440
552560 10441
552600 10440
552640 10440
552680 10440
552720 10441
552760 10440
552800 10440
552840 10441
552880 10441
552920 10441
552960 10441
553000 10440
553040 10441
553080 10441
553120 10441
553160 10440
553200 10440
553240 10440
553280 10440
553320 10440
553360 10440
553400 10440
553440 10440
553480 10440
553520 10440
553560 10439
553600 10440
553640 10440
553680 10439
553720 10439
553760 10439
553800 10439
553840 10440
553880 10439
553920 10440
553960 10440
554000 10440
554040 10440
554080 10440
554120 10439
554160 10439
554200 10439
554240 10439
554280 10439
554320 10439
554360 10439
554400 10439
554440 10439
554480 10439
554520 10439
554560 10439
554600 10439
554640 10439
554680 10439
554720 10439
554760 10439
554800 10440
554840 10439
554880 10439
554920 10439
554960 10439
555000 10439
555040 10438
555080 10439
555120 10439
555160 10439
555200 10439
555240 10439
555280 10439
555320 10438
555360 10439
555400 10438
555440 10438
555480 10438
555520 10438
555560 10438
555600 10438
555640 10437
555680 10437
555720 10438
555760 10438
555800 10438
555840 10438
555880 10439
555920 10439
555960 10438
556000 10438
556040 10438
556080 10438
556120 10438
556160 10438
556200 10438
556240 10438
556280 10437
556320 10437
556360 10437
556400 10438
556440 10438
556480 10438
556520 10438
556560 10438
556600 10438
556640 10438
556680 10438
556720 10438
556760 10438
556800 10438
556840 10438
556880 10438
556920 10437
556960 10437
557000 10438
557040 10437
557080 10438
557120 10437
557160 10437
557200 10437
557240 10437
557280 10437
557320 10437
557360 10437
557400 10437
557440 10438
557480 10438
557520 10438
557560 10438
557600 10438
557640 10437
557680 10437
557720 10436
557760 10436
557800 10436
557840 10436
557880 10436
557920 10436
557960 10436
558000 10436
558040 10436
558080 10435
558120 10435
558160 10436
558200 10436
558240 10436
558280 10436
558320 10436
558360 10436
558400 10436
558440 10436
558480 10436
558520 10436
558560 10436
558600 10436
558640 10436
558680 10437
558720 10437
558760 10437
558800 10437
558840 10437
558880 10436
558920 10436
558960 10435
559000 10435
559040 10435
559080 10436
559120 10436
559160 10436
559200 10436
559240 10435
559280 10436
559320 10436
559360 10436
559400 10436
559440 10436
559480 10436
559520 10436
559560 10436
559600 10436
559640 10436
559680 10436
559720 10435
559760 10435
559800 10435
559840 10436
559880 10435
559920 10435
559960 10435
560000 10435
560040 10435
560080 10435
560120 10436
560160 10436
560200 10435
560240 10435
560280 10435
560320 10435
560360 10435
560400 10435
560440 10435
560480 10435
560520 10435
560560 10434
560600 10434
560640 10435
560680 10434
560720 10435
560760 10435
560800 10435
560840 10435
560880 10435
560920 10435
560960 10435
561000 10435
561040 10434
561080 10434
561120 10434
561160 10433
561200 10434
561240 10433
561280 10433
561320 10434
561360 10434
561400 10434
561440 10434
561480 10434
561520 10435
561560 10434
561600 10434
561640 10434
561680 10433
561720 10434
561760 10434
561800 10433
561840 10433
561880 10433
561920 10434
561960 10433
562000 10434
562040 10434
562080 10433
562120 10434
562160 10434
562200 10434
562240 10434
562280 10434
562320 10434
562360 10434
562400 10434
562440 10434
562480 10434
562520 10433
562560 10433
562600 10433
562640 10433
562680 10433
562720 10433
562760 10434
562800 10434
562840 10433
562880 10433
562920 10433
562960 10433
563000 10433
563040 10433
563080 10433
563120 10432
563160 10432
563200 10432
563240 10432
563280 10432
563320 10432
563360 10432
563400 10432
563440 10432
563480 10432
563520 10432
563560 10432
563600 10433
563640 10433
563680 10433
563720 10433
563760 10433
563800 10433
563840 10433
563880 10433
563920 10433
563960 10433
564000 10432
564040 10433
564080 10433
564120 10432
564160 10432
564200 10433
564240 10433
564280 10433
564320 10433
564360 10433
564400 10434
564440 10433
564480 10433
564520 10433
564560 10432
564600 10432
564640 10432
564680 10432
564720 10432
564760 10432
564800 10432
564840 10432
564880 10432
564920 10432
564960 10431
565000 10432
565040 10431
565080 10431
565120 10431
565160 10430
565200 10431
565240 10430
565280 10430
565320 10430
565360 10430
565400 10431
565440 10431
565480 10431
565520 10431
565560 10431
565600 10431
565640 10430
565680 10430
565720 10430
565760 10431
565800 10430
565840 10430
565880 10430
565920 10430
565960 10431
566000 10431
566040 10431
566080 10431
566120 10431
566160 10432
566200 10431
566240 10431
566280 10431
566320 10430
566360 10431
566400 10431
566440 10431
566480 10431
566520 10431
566560 10431
566600 10431
566640 10430
566680 10431
566720 10431
566760 10431
566800 10430
566840 10430
566880 10430
566920 10430
566960 10431
567000 10430
567040 10430
567080 10430
567120 10431
567160 10430
567200 10430
567240 10430
567280 10430
567320 10431
567360 10430
567400 10430
567440 10430
567480 10430
567520 10429
567560 10429
567600 10430
567640 10429
567680 10429
567720 10429
567760 10429
567800 10429
567840 10429
567880 10429
567920 10430
567960 10429
568000 10429
568040 10429
568080 10428
568120 10428
568160 10428
568200 10429
568240 10428
568280 10428
568320 10428
568360 10429
568400 10429
568440 10429
568480 10429
568520 10429
568560 10429
568600 10429
568640 10429
568680 10429
568720 10430
568760 10430
568800 10430
568840 10430
568880 10429
568920 10429
568960 10428
569000 10428
569040 10429
569080 10429
569120 10429
569160 10429
569200 10428
569240 10429
569280 10429
569320 10429
569360 10429
569400 10428
569440 10428
569480 10429
569520 10428
569560 10429
569600 10429
569640 10429
569680 10429
569720 10429
569760 10428
569800 10428
569840 10427
569880 10427
569920 10428
569960 10429
570000 10429
570040 10428
570080 10428
570120 10428
570160 10428
570200 10428
570240 10428
570280 10428
570320 10428
570360 10427
570400 10427
570440 10428
570480 10428
570520 10427
570560 10427
570600 10427
570640 10427
570680 10427
570720 10427
570760 10427
570800 10427
570840 10427
570880 10427
570920 10428
570960 10427
571000 10427
571040 10427
571080 10427
571120 10427
571160 10427
571200 10427
571240 10426
571280 10427
571320 10427
571360 10427
571400 10427
571440 10427
571480 10426
571520 10426
571560 10426
571600 10426
571640 10426
571680 10426
571720 10426
571760 10426
571800 10426
571840 10426
571880 10426
571920 10427
571960 10427
572000 10427
572040 10427
572080 10427
572120 10427
572160 10427
572200 10427
572240 10427
572280 10427
572320 10426
572360 10427
572400 10427
572440 10427
572480 10427
572520 10427
572560 10426
572600 10427
572640 10426
572680 10426
572720 10426
572760 10425
572800 10426
572840 10426
572880 10426
572920 10426
572960 10426
573000 10425
573040 10425
573080 10425
573120 10425
573160 10425
573200 10426
573240 10426
573280 10425
573320 10426
573360 10426
573400 10425
573440 10425
573480 10425
573520 10425
573560 10425
573600 10426
573640 10426
573680 10427
573720 10426
573760 10426
573800 10426
573840 10426
573880 10426
573920 10426
573960 10425
574000 10425
574040 10425
574080 10425
574120 10425
574160 10424
574200 10424
574240 10424
574280 10424
574320 10425
574360 10425
574400 10425
574440 10425
574480 10425
574520 10425
574560 10425
574600 10425
574640 10424
574680 10424
574720 10424
574760 10424
574800 10424
574840 10423
574880 10423
574920 10424
574960 10423
575000 10424
575040 10424
575080 10424
575120 10424
575160 10425
575200 10425
575240 10424
575280 10424
575320 10425
575360 10425
575400 10425
575440 10425
575480 10424
575520 10424
575560 10424
575600 10424
575640 10424
575680 10423
575720 10423
575760 10423
575800 10423
575840 10424
575880 10424
575920 10425
575960 10424
576000 10425
576040 10424
576080 10424
576120 10423
576160 10423
576200 10423
576240 10424
576280 10423
576320 10423
576360 10423
576400 10423
576440 10423
576480 10423
576520 10424
576560 10424
576600 10424
576640 10423
576680 10423
576720 10423
576760 10423
576800 10423
576840 10423
576880 10423
576920 10422
576960 10422
577000 10422
577040 10422
577080 10422
577120 10422
577160 10422
577200 10422
577240 10422
577280 10422
577320 10422
577360 10423
577400 10423
577440 10423
577480 10423
577520 10423
577560 10423
577600 10424
577640 10424
577680 10423
577720 10423
577760 10423
577800 10423
577840 10422
577880 10422
577920 10422
577960 10422
578000 10422
578040 10422
578080 10422
578120 10422
578160 10423
578200 10423
578240 10422
578280 10423
578320 10422
578360 10422
578400 10422
578440 10422
578480 10422
578520 10422
578560 10422
578600 10422
578640 10422
578680 10422
578720 10422
578760 10422
578800 10421
578840 10421
578880 10421
578920 10420
578960 10420
579000 10421
579040 10421
579080 10421
579120 10422
579160 10421
579200 10421
579240 10421
579280 10421
579320 10421
579360 10421
579400 10421
579440 10421
579480 10421
579520 10421
579560 10421
579600 10422
579640 10421
579680 10421
579720 10421
579760 10421
579800 10421
579840 10421
579880 10421
579920 10421
579960 10421
580000 10421
580040 10421
580080 10421
580120 10421
580160 10421
580200 10421
580240 10421
580280 10421
580320 10421
580360 10420
580400 10420
580440 10420
580480 10420
580520 10420
580560 10419
580600 10420
580640 10420
580680 10420
580720 10420
580760 10420
580800 10419
580840 10420
580880 10420
580920 10420
580960 10420
581000 10420
581040 10420
581080 10420
581120 10421
581160 10421
581200 10421
581240 10421
581280 10421
581320 10421
581360 10421
581400 10420
581440 10420
581480 10420
581520 10420
581560 10420
581600 10420
581640 10420
581680 10420
581720 10420
581760 10420
581800 10420
581840 10420
581880 10420
581920 10419
581960 10419
582000 10419
582040 10419
582080 10419
582120 10419
582160 10419
582200 10419
582240 10419
582280 10419
582320 10419
582360 10419
582400 10419
582440 10419
582480 10419
582520 10419
582560 10420
582600 10419
582640 10419
582680 10419
582720 10419
582760 10419
582800 10419
582840 10418
582880 10418
582920 10418
582960 10418
583000 10418
583040 10418
583080 10418
583120 10418
583160 10418
583200 10417
583240 10418
583280 10418
583320 10418
583360 10418
583400 10419
583440 10419
583480 10419
583520 10419
583560 10419
583600 10419
583640 10419
583680 10419
583720 10419
583760 10419
583800 10418
583840 10418
583880 10418
583920 10418
583960 10418
584000 10418
584040 10418
584080 10418
584120 10418
584160 10418
584200 10418
584240 10418
584280 10418
584320 10418
584360 10418
584400 10418
584440 10418
584480 10418
584520 10418
584560 10418
584600 10418
584640 10418
584680 10418
584720 10418
584760 10418
584800 10418
584840 10418
584880 10417
584920 10417
584960 10417
585000 10417
585040 10418
585080 10417
585120 10417
585160 10417
585200 10416
585240 10416
585280 10416
585320 10416
585360 10417
585400 10417
585440 10417
585480 10417
585520 10417
585560 10417
585600 10417
585640 10417
585680 10417
585720 10416
585760 10416
585800 10417
585840 10417
585880 10417
585920 10417
585960 10417
586000 10416
586040 10416
586080 10416
586120 10416
586160 10416
586200 10416
586240 10417
586280 10416
586320 10417
586360 10417
586400 10417
586440 10417
586480 10417
586520 10416
586560 10417
586600 10417
586640 10417
586680 10417
586720 10416
586760 10416
586800 10416
586840 10416
586880 10416
586920 10416
586960 10416
587000 10416
587040 10416
587080 10416
587120 10416
587160 10416
587200 10415
587240 10416
587280 10416
587320 10416
587360 10416
587400 10416
587440 10416
587480 10416
587520 10416
587560 10416
587600 10415
587640 10415
587680 10415
587720 10415
587760 10415
587800 10415
587840 10415
587880 10414
587920 10414
587960 10414
588000 10414
588040 10414
588080 10415
588120 10415
588160 10415
588200 10416
588240 10416
588280 10416
588320 10416
588360 10415
588400 10416
588440 10415
588480 10415
588520 10415
588560 10415
588600 10415
588640 10415
588680 10415
588720 10414
588760 10414
588800 10414
588840 10414
588880 10414
588920 10414
588960 10414
589000 10414
589040 10414
589080 10414
589120 10414
589160 10415
589200 10415
589240 10415
589280 10415
589320 10415
589360 10414
589400 10414
589440 10415
589480 10414
589520 10415
589560 10415
589600 10414
589640 10414
589680 10414
589720 10414
589760 10414
589800 10414
589840 10414
589880 10414
589920 10414
589960 10414
590000 10414
590040 10415
590080 10415
590120 10414
590160 10414
590200 10413
590240 10413
590280 10414
590320 10413
590360 10414
590400 10413
590440 10413
590480 10413
590520 10413
590560 10413
590600 10413
590640 10414
590680 10414
590720 10413
590760 10413
590800 10413
590840 10413
590880 10413
590920 10413
590960 10413
591000 10413
591040 10413
591080 10413
591120 10413
591160 10414
591200 10413
591240 10414
591280 10414
591320 10413
591360 10413
591400 10413
591440 10413
591480 10413
591520 10413
591560 10413
591600 10413
591640 10413
591680 10413
591720 10412
591760 10412
591800 10412
591840 10412
591880 10412
591920 10412
591960 10413
592000 10413
592040 10413
592080 10412
592120 10413
592160 10412
592200 10413
592240 10412
592280 10412
592320 10413
592360 10413
592400 10413
592440 10412
592480 10412
592520 10413
592560 10412
592600 10412
592640 10412
592680 10412
592720 10412
592760 10412
592800 10412
592840 10412
592880 10412
592920 10411
592960 10412
593000 10412
593040 10412
593080 10412
593120 10412
593160 10412
593200 10412
593240 10412
593280 10412
593320 10412
593360 10412
593400 10411
593440 10412
593480 10411
593520 10412
593560 10412
593600 10412
593640 10412
593680 10411
593720 10411
593760 10411
593800 10411
593840 10411
593880 10411
593920 10411
593960 10411
594000 10411
594040 10411
594080 10411
594120 10411
594160 10411
594200 10411
594240 10411
594280 10411
594320 10411
594360 10410
594400 10410
594440 10410
594480 10410
594520 10410
594560 10411
594600 10411
594640 10411
594680 10410
594720 10411
594760 10411
594800 10411
594840 10411
594880 10411
594920 10411
594960 10410
595000 10410
595040 10410
595080 10411
595120 10410
595160 10410
595200 10410
595240 10410
595280 10410
595320 10410
595360 10411
595400 10410
595440 10410
595480 10410
595520 10410
595560 10410
595600 10410
595640 10410
595680 10410
595720 10410
595760 10410
595800 10410
595840 10410
595880 10409
595920 10409
595960 10410
596000 10410
596040 10410
596080 10410
596120 10410
596160 10409
596200 10409
596240 10410
596280 10410
596320 10410
596360 10410
596400 10410
596440 10410
596480 10409
596520 10410
596560 10410
596600 10409
596640 10410
596680 10409
596720 10409
596760 10409
596800 10409
596840 10409
596880 10410
596920 10410
596960 10410
597000 10409
597040 10409
597080 10409
597120 10409
597160 10409
597200 10409
597240 10409
597280 10409
597320 10409
597360 10409
597400 10409
597440 10409
597480 10409
597520 10409
597560 10410
597600 10410
597640 10410
597680 10409
597720 10408
597760 10408
597800 10408
597840 10407
597880 10407
597920 10407
597960 10407
598000 10407
598040 10407
598080 10408
598120 10408
598160 10408
598200 10408
598240 10408
598280 10408
598320 10408
598360 10408
598400 10408
598440 10408
598480 10408
598520 10408
598560 10409
598600 10408
598640 10408
598680 10408
598720 10408
598760 10408
598800 10407
598840 10407
598880 10407
598920 10408
598960 10408
599000 10408
599040 10408
599080 10409
599120 10408
599160 10409
599200 10409
599240 10408
599280 10408
599320 10408
599360 10408
599400 10408
599440 10408
599480 10408
599520 10408
599560 10407
599600 10408
599640 10407
599680 10407
599720 10407
599760 10407
599800 10407
599840 10406
599880 10406
599920 10407
599960 10406
600000 10406
600040 10406
600080 10407
600120 10406
600160 10407
600200 10407
600240 10406
600280 10407
600320 10407
600360 10407
600400 10406
600440 10407
600480 10407
600520 10407
600560 10406
600600 10406
600640 10406
600680 10406
600720 10406
600760 10406
600800 10406
600840 10406
600880 10407
600920 10406
600960 10406
601000 10405
601040 10405
601080 10407
601120 10406
601160 10406
601200 10406
601240 10407
601280 10406
601320 10407
601360 10407
601400 10406
601440 10407
601480 10406
601520 10406
601560 10406
601600 10406
601640 10406
601680 10406
601720 10405
601760 10405
601800 10405
601840 10406
601880 10406
601920 10407
601960 10407
602000 10407
602040 10406
602080 10406
602120 10406
602160 10405
602200 10405
602240 10405
602280 10405
602320 10405
602360 10405
602400 10405
602440 10405
602480 10405
602520 10406
602560 10406
602600 10406
602640 10405
602680 10405
602720 10405
602760 10405
602800 10404
602840 10404
602880 10404
602920 10404
602960 10404
603000 10404
603040 10404
603080 10404
603120 10405
603160 10405
603200 10405
603240 10405
603280 10405
603320 10405
603360 10405
603400 10406
603440 10405
603480 10405
603520 10405
603560 10405
603600 10405
603640 10405
603680 10405
603720 10405
603760 10405
603800 10405
603840 10405
603880 10404
603920 10405
603960 10405
604000 10404
604040 10404
604080 10404
604120 10403
604160 10403
604200 10404
604240 10404
604280 10403
604320 10404
604360 10404
604400 10404
604440 10404
604480 10404
604520 10404
604560 10404
604600 10404
604640 10403
604680 10403
604720 10403
604760 10403
604800 10403
604840 10403
604880 10403
604920 10404
604960 10403
605000 10403
605040 10403
605080 10403
605120 10403
605160 10403
605200 10404
605240 10403
605280 10403
605320 10403
605360 10403
605400 10403
605440 10404
605480 10404
605520 10404
605560 10404
605600 10404
605640 10404
605680 10403
605720 10404
605760 10403
605800 10403
605840 10403
605880 10402
605920 10403
605960 10402
606000 10402
606040 10402
606080 10402
606120 10402
606160 10402
606200 10403
606240 10403
606280 10403
606320 10403
606360 10402
606400 10402
606440 10403
606480 10403
606520 10403
606560 10402
606600 10402
606640 10402
606680 10403
606720 10402
606760 10402
606800 10402
606840 10402
606880 10402
606920 10402
606960 10402
607000 10402
607040 10402
607080 10402
607120 10402
607160 10402
607200 10402
607240 10402
607280 10402
607320 10402
607360 10402
607400 10402
607440 10402
607480 10402
607520 10401
607560 10401
607600 10402
607640 10402
607680 10402
607720 10402
607760 10402
607800 10402
607840 10402
607880 10403
607920 10402
607960 10402
608000 10402
608040 10402
608080 10401
608120 10401
608160 10401
608200 10401
608240 10401
608280 10400
608320 10400
608360 10400
608400 10400
608440 10400
608480 10400
608520 10400
608560 10401
608600 10401
608640 10401
608680 10401
608720 10401
608760 10401
608800 10401
608840 10401
608880 10401
608920 10401
608960 10401
609000 10401
609040 10402
609080 10401
609120 10401
609160 10401
609200 10401
609240 10401
609280 10401
609320 10400
609360 10401
609400 10400
609440 10400
609480 10400
609520 10401
609560 10400
609600 10401
609640 10400
609680 10400
609720 10400
609760 10400
609800 10400
609840 10400
609880 10400
609920 10400
609960 10400
610000 10399
610040 10400
610080 10400
610120 10400
610160 10400
610200 10399
610240 10399
610280 10399
610320 10400
610360 10400
610400 10400
610440 10400
610480 10400
610520 10400
610560 10399
610600 10400
610640 10399
610680 10399
610720 10400
610760 10400
610800 10400
610840 10400
610880 10400
610920 10399
610960 10399
611000 10399
611040 10399
611080 10399
611120 10399
611160 10399
611200 10399
611240 10399
611280 10399
611320 10399
611360 10399
611400 10399
611440 10399
611480 10399
611520 10399
611560 10399
611600 10399
611640 10399
611680 10399
611720 10399
611760 10399
611800 10399
611840 10399
611880 10399
611920 10399
611960 10399
612000 10399
612040 10399
612080 10399
612120 10399
612160 10398
612200 10398
612240 10398
612280 10398
612320 10398
612360 10398
612400 10399
612440 10398
612480 10398
612520 10398
612560 10398
612600 10398
612640 10398
612680 10398
612720 10399
612760 10399
612800 10398
612840 10398
612880 10398
612920 10398
612960 10398
613000 10399
613040 10398
613080 10398
613120 10397
613160 10398
613200 10398
613240 10398
613280 10398
613320 10398
613360 10398
613400 10399
613440 10398
613480 10398
613520 10398
613560 10398
613600 10398
613640 10398
613680 10397
613720 10396
613760 10396
613800 10397
613840 10398
613880 10398
613920 10398
613960 10398
614000 10397
614040 10397
614080 10397
614120 10397
614160 10397
614200 10397
614240 10397
614280 10397
614320 10397
614360 10397
614400 10397
614440 10397
614480 10397
614520 10398
614560 10398
614600 10397
614640 10397
614680 10397
614720 10397
614760 10397
614800 10397
614840 10396
614880 10397
614920 10396
614960 10396
615000 10396
615040 10397
615080 10397
615120 10397
615160 10397
615200 10397
615240 10396
615280 10396
615320 10396
615360 10396
615400 10396
615440 10396
615480 10396
615520 10396
615560 10396
615600 10396
615640 10396
615680 10396
615720 10396
615760 10396
615800 10396
615840 10396
615880 10396
615920 10396
615960 10396
616000 10396
616040 10396
616080 10396
616120 10396
616160 10396
616200 10397
616240 10396
616280 10396
616320 10396
616360 10396
616400 10396
616440 10395
616480 10395
616520 10395
616560 10396
616600 10396
616640 10396
616680 10396
616720 10396
616760 10395
616800 10395
616840 10395
616880 10395
616920 10395
616960 10395
617000 10395
617040 10395
617080 10395
617120 10395
617160 10395
617200 10395
617240 10395
617280 10395
617320 10395
617360 10395
617400 10395
617440 10395
617480 10395
617520 10395
617560 10395
617600 10395
617640 10396
617680 10396
617720 10396
617760 10396
617800 10395
617840 10395
617880 10395
617920 10395
617960 10394
618000 10394
618040 10394
618080 10394
618120 10394
618160 10394
618200 10394
618240 10393
618280 10393
618320 10393
618360 10394
618400 10394
618440 10394
618480 10394
618520 10394
618560 10394
618600 10394
618640 10394
618680 10394
618720 10394
618760 10394
618800 10394
618840 10394
618880 10395
618920 10395
618960 10395
619000 10394
619040 10394
619080 10394
619120 10394
619160 10394
619200 10394
619240 10394
619280 10395
619320 10395
619360 10394
619400 10394
619440 10394
619480 10394
619520 10394
619560 10394
619600 10393
619640 10393
619680 10393
619720 10393
619760 10393
619800 10393
619840 10393
619880 10393
619920 10393
619960 10393
620000 10393
620040 10394
620080 10393
620120 10393
620160 10393
620200 10393
620240 10392
620280 10392
620320 10392
620360 10392
620400 10392
620440 10393
620480 10392
620520 10392
620560 10392
620600 10393
620640 10393
620680 10393
620720 10393
620760 10393
620800 10394
620840 10393
620880 10393
620920 10393
620960 10393
621000 10393
621040 10393
621080 10393
621120 10393
621160 10393
621200 10393
621240 10393
621280 10393
621320 10393
621360 10393
621400 10393
621440 10392
621480 10392
621520 10392
621560 10392
621600 10391
621640 10391
621680 10392
621720 10392
621760 10392
621800 10391
621840 10391
621880 10391
621920 10391
621960 10392
622000 10392
622040 10391
622080 10392
622120 10392
622160 10391
622200 10391
622240 10391
622280 10391
622320 10391
622360 10391
622400 10391
622440 10391
622480 10391
622520 10392
622560 10392
622600 10391
622640 10391
622680 10392
622720 10391
622760 10391
622800 10391
622840 10391
622880 10392
622920 10392
622960 10392
623000 10391
623040 10391
623080 10391
623120 10391
623160 10391
623200 10391
623240 10391
623280 10391
623320 10392
623360 10391
623400 10391
623440 10391
623480 10392
623520 10391
623560 10392
623600 10391
623640 10391
623680 10391
623720 10391
623760 10390
623800 10390
623840 10390
623880 10389
623920 10389
623960 10390
624000 10390
624040 10390
624080 10391
624120 10391
624160 10391
624200 10391
624240 10391
624280 10391
624320 10391
624360 10391
624400 10390
624440 10390
624480 10390
624520 10390
624560 10391
624600 10390
624640 10390
624680 10390
624720 10390
624760 10390
624800 10390
624840 10390
624880 10390
624920 10390
624960 10390
625000 10390
625040 10390
625080 10390
625120 10389
625160 10389
625200 10389
625240 10389
625280 10389
625320 10389
625360 10390
625400 10389
625440 10389
625480 10389
625520 10389
625560 10390
625600 10389
625640 10389
625680 10389
625720 10389
625760 10389
625800 10389
625840 10389
625880 10389
625920 10389
625960 10389
626000 10389
626040 10389
626080 10390
626120 10390
626160 10389
626200 10389
626240 10389
626280 10389
626320 10389
626360 10389
626400 10389
626440 10389
626480 10389
626520 10389
626560 10389
626600 10389
626640 10389
626680 10389
626720 10388
626760 10388
626800 10389
626840 10388
626880 10388
626920 10388
626960 10389
627000 10388
627040 10388
627080 10388
627120 10389
627160 10389
627200 10389
627240 10389
627280 10389
627320 10389
627360 10388
627400 10389
627440 10389
627480 10388
627520 10388
627560 10388
627600 10387
627640 10387
627680 10387
627720 10388
627760 10388
627800 10388
627840 10388
627880 10388
627920 10388
627960 10388
628000 10388
628040 10388
628080 10387
628120 10387
628160 10387
628200 10387
628240 10386
628280 10387
628320 10387
628360 10387
628400 10387
628440 10387
628480 10387
628520 10387
628560 10387
628600 10387
628640 10387
628680 10387
628720 10387
628760 10387
628800 10388
628840 10388
628880 10387
628920 10387
628960 10388
629000 10387
629040 10387
629080 10387
629120 10388
629160 10387
629200 10387
629240 10387
629280 10387
629320 10387
629360 10388
629400 10388
629440 10387
629480 10387
629520 10386
629560 10386
629600 10386
629640 10387
629680 10387
629720 10387
629760 10387
629800 10387
629840 10386
629880 10386
629920 10386
629960 10386
630000 10387
630040 10386
630080 10387
630120 10387
630160 10386
630200 10386
630240 10386
630280 10386
630320 10386
630360 10386
630400 10386
630440 10387
630480 10386
630520 10386
630560 10386
630600 10386
630640 10386
630680 10386
630720 10386
630760 10385
630800 10385
630840 10386
630880 10385
630920 10386
630960 10386
631000 10386
631040 10386
631080 10386
631120 10385
631160 10385
631200 10386
631240 10386
631280 10386
631320 10386
631360 10386
631400 10386
631440 10385
631480 10385
631520 10386
631560 10386
631600 10386
631640 10386
631680 10386
631720 10385
631760 10385
631800 10385
631840 10385
631880 10385
631920 10385
631960 10385
632000 10386
632040 10385
632080 10385
632120 10385
632160 10385
632200 10384
632240 10384
632280 10384
632320 10384
632360 10384
632400 10384
632440 10384
632480 10385
632520 10385
632560 10384
632600 10385
632640 10385
632680 10385
632720 10385
632760 10385
632800 10385
632840 10385
632880 10385
632920 10384
632960 10384
633000 10384
633040 10384
633080 10383
633120 10384
633160 10384
633200 10384
633240 10384
633280 10384
633320 10383
633360 10383
633400 10383
633440 10383
633480 10384
633520 10384
633560 10383
633600 10384
633640 10384
633680 10384
633720 10384
633760 10384
633800 10384
633840 10384
633880 10384
633920 10385
633960 10385
634000 10384
634040 10384
634080 10385
634120 10384
634160 10384
634200 10383
634240 10384
634280 10383
634320 10384
634360 10384
634400 10384
634440 10383
634480 10384
634520 10384
634560 10384
634600 10384
634640 10384
634680 10383
634720 10383
634760 10383
634800 10383
634840 10382
634880 10382
634920 10382
634960 10382
635000 10382
635040 10382
635080 10383
635120 10383
635160 10383
635200 10382
635240 10383
635280 10383
635320 10383
635360 10383
635400 10383
635440 10382
635480 10382
635520 10383
635560 10383
635600 10383
635640 10383
635680 10383
635720 10383
635760 10383
635800 10383
635840 10383
635880 10382
635920 10382
635960 10382
636000 10382
636040 10382
636080 10383
636120 10383
636160 10383
636200 10382
636240 10382
636280 10382
636320 10382
636360 10382
636400 10383
636440 10383
636480 10383
636520 10382
636560 10382
636600 10381
636640 10382
636680 10381
636720 10381
636760 10381
636800 10381
636840 10381
636880 10382
636920 10382
636960 10382
637000 10382
637040 10381
637080 10381
637120 10381
637160 10382
637200 10382
637240 10382
637280 10381
637320 10381
637360 10382
637400 10381
637440 10381
637480 10382
637520 10382
637560 10382
637600 10382
637640 10382
637680 10381
637720 10381
637760 10382
637800 10381
637840 10381
637880 10381
637920 10381
637960 10381
638000 10381
638040 10381
638080 10381
638120 10381
638160 10381
638200 10381
638240 10381
638280 10381
638320 10381
638360 10380
638400 10381
638440 10381
638480 10381
638520 10381
638560 10381
638600 10381
638640 10381
638680 10381
638720 10380
638760 10380
638800 10381
638840 10381
638880 10380
638920 10381
638960 10380
639000 10380
639040 10380
639080 10380
639120 10380
639160 10380
639200 10380
639240 10380
639280 10380
639320 10380
639360 10380
639400 10380
639440 10380
639480 10380
639520 10379
639560 10380
639600 10380
639640 10380
639680 10380
639720 10380
639760 10380
639800 10380
639840 10380
639880 10380
639920 10380
639960 10379
640000 10379
640040 10380
640080 10379
640120 10380
640160 10379
640200 10379
640240 10379
640280 10379
640320 10380
640360 10379
640400 10380
640440 10380
640480 10380
640520 10380
640560 10380
640600 10380
640640 10380
640680 10380
640720 10380
640760 10380
640800 10380
640840 10380
640880 10379
640920 10379
640960 10379
641000 10379
641040 10379
641080 10379
641120 10379
641160 10379
641200 10379
641240 10379
641280 10379
641320 10378
641360 10378
641400 10379
641440 10379
641480 10379
641520 10378
641560 10378
641600 10378
641640 10378
641680 10378
641720 10378
641760 10377
641800 10378
641840 10378
641880 10378
641920 10379
641960 10379
642000 10380
642040 10379
642080 10379
642120 10379
642160 10378
642200 10378
642240 10378
642280 10379
642320 10379
642360 10378
642400 10379
642440 10378
642480 10378
642520 10377
642560 10377
642600 10377
642640 10378
642680 10378
642720 10378
642760 10378
642800 10378
642840 10378
642880 10378
642920 10378
642960 10378
643000 10378
643040 10378
643080 10378
643120 10378
643160 10378
643200 10378
643240 10377
643280 10377
643320 10377
643360 10377
643400 10377
643440 10377
643480 10377
643520 10377
643560 10377
643600 10377
643640 10377
643680 10378
643720 10378
643760 10378
643800 10377
643840 10378
643880 10377
643920 10377
643960 10377
644000 10377
644040 10377
644080 10377
644120 10377
644160 10377
644200 10377
644240 10377
644280 10377
644320 10377
644360 10377
644400 10377
644440 10377
644480 10377
644520 10377
644560 10377
644600 10377
644640 10377
644680 10377
644720 10376
644760 10376
644800 10376
644840 10375
644880 10375
644920 10376
644960 10377
645000 10377
645040 10377
645080 10378
645120 10377
645160 10377
645200 10377
645240 10376
645280 10376
645320 10376
645360 10376
645400 10376
645440 10376
645480 10376
645520 10376
645560 10377
645600 10377
645640 10376
645680 10376
645720 10376
645760 10375
645800 10375
645840 10375
645880 10375
645920 10375
645960 10375
646000 10376
646040 10376
646080 10376
646120 10375
646160 10376
646200 10376
646240 10376
646280 10376
646320 10376
646360 10376
646400 10376
646440 10376
646480 10375
646520 10376
646560 10375
646600 10375
646640 10375
646680 10375
646720 10375
646760 10375
646800 10375
646840 10376
646880 10376
646920 10375
646960 10375
647000 10375
647040 10375
647080 10374
647120 10375
647160 10375
647200 10375
647240 10376
647280 10376
647320 10375
647360 10375
647400 10375
647440 10375
647480 10375
647520 10375
647560 10375
647600 10375
647640 10375
647680 10375
647720 10375
647760 10375
647800 10375
647840 10375
647880 10375
647920 10375
647960 10375
648000 10374
648040 10374
648080 10374
648120 10374
648160 10374
648200 10375
648240 10375
648280 10375
648320 10374
648360 10374
648400 10374
648440 10374
648480 10374
648520 10374
648560 10374
648600 10374
648640 10374
648680 10374
648720 10374
648760 10374
648800 10373
648840 10373
648880 10374
648920 10374
648960 10374
649000 10374
649040 10373
649080 10373
649120 10373
649160 10372
649200 10373
649240 10373
649280 10374
649320 10374
649360 10374
649400 10374
649440 10374
649480 10374
649520 10375
649560 10374
649600 10374
649640 10375
649680 10374
649720 10374
649760 10374
649800 10374
649840 10374
649880 10374
649920 10374
649960 10374
650000 10374
650040 10374
650080 10374
650120 10373
650160 10373
650200 10373
650240 10372
650280 10372
650320 10373
650360 10373
650400 10373
650440 10373
650480 10373
650520 10372
650560 10373
650600 10373
650640 10372
650680 10372
650720 10373
650760 10373
650800 10373
650840 10373
650880 10374
650920 10373
650960 10373
651000 10373
651040 10373
651080 10373
651120 10373
651160 10372
651200 10372
651240 10372
651280 10372
651320 10372
651360 10373
651400 10373
651440 10373
651480 10373
651520 10373
651560 10372
651600 10372
651640 10372
651680 10372
651720 10372
651760 10372
651800 10372
651840 10371
651880 10372
651920 10371
651960 10372
652000 10372
652040 10372
652080 10372
652120 10372
652160 10371
652200 10371
652240 10372
652280 10372
652320 10372
652360 10372
652400 10372
652440 10371
652480 10371
652520 10371
652560 10371
652600 10371
652640 10371
652680 10371
652720 10371
652760 10371
652800 10371
652840 10371
652880 10372
652920 10372
652960 10372
653000 10372
653040 10373
653080 10373
653120 10373
653160 10372
653200 10372
653240 10372
653280 10371
653320 10371
653360 10371
653400 10371
653440 10371
653480 10371
653520 10371
653560 10370
653600 10370
653640 10371
653680 10371
653720 10371
653760 10371
653800 10372
653840 10371
653880 10371
653920 10371
653960 10371
654000 10371
654040 10371
654080 10371
654120 10371
654160 10371
654200 10371
654240 10371
654280 10371
654320 10370
654360 10371
654400 10371
654440 10371
654480 10371
654520 10370
654560 10370
654600 10370
654640 10370
654680 10370
654720 10370
654760 10370
654800 10371
654840 10370
654880 10370
654920 10370
654960 10370
655000 10369
655040 10369
655080 10369
655120 10369
655160 10369
655200 10369
655240 10369
655280 10370
655320 10370
655360 10370
655400 10370
655440 10370
655480 10370
655520 10370
655560 10369
655600 10370
655640 10370
655680 10370
655720 10370
655760 10370
655800 10370
655840 10370
655880 10370
655920 10370
655960 10370
656000 10370
656040 10370
656080 10370
656120 10370
656160 10370
656200 10370
656240 10370
656280 10370
656320 10370
656360 10370
656400 10370
656440 10369
656480 10370
656520 10369
656560 10369
656600 10369
656640 10369
656680 10369
656720 10369
656760 10368
656800 10368
656840 10369
656880 10369
656920 10369
656960 10369
657000 10369
657040 10369
657080 10369
657120 10369
657160 10369
657200 10369
657240 10369
657280 10369
657320 10369
657360 10368
657400 10368
657440 10368
657480 10368
657520 10368
657560 10368
657600 10368
657640 10368
657680 10368
657720 10368
657760 10368
657800 10368
657840 10369
657880 10369
657920 10368
657960 10369
658000 10368
658040 10368
658080 10368
658120 10368
658160 10368
658200 10368
658240 10368
658280 10368
658320 10368
658360 10368
658400 10367
658440 10368
658480 10367
658520 10368
658560 10368
658600 10368
658640 10368
658680 10368
658720 10368
658760 10369
658800 10369
658840 10368
658880 10368
658920 10368
658960 10368
659000 10368
659040 10368
659080 10368
659120 10368
659160 10368
659200 10368
659240 10368
659280 10367
659320 10367
659360 10367
659400 10366
659440 10367
659480 10367
659520 10367
659560 10367
659600 10367
659640 10367
659680 10367
659720 10367
659760 10368
659800 10367
659840 10367
659880 10367
659920 10367
659960 10367
660000 10367
660040 10367
660080 10367
660120 10367
660160 10367
660200 10367
660240 10367
660280 10367
660320 10367
660360 10367
660400 10367
660440 10368
660480 10368
660520 10367
660560 10367
660600 10367
660640 10367
660680 10366
660720 10366
660760 10366
660800 10366
660840 10366
660880 10366
660920 10366
660960 10365
661000 10365
661040 10366
661080 10366
661120 10365
661160 10366
661200 10366
661240 10366
661280 10366
661320 10366
661360 10366
661400 10366
661440 10365
661480 10366
661520 10366
661560 10366
661600 10366
661640 10366
661680 10367
661720 10367
661760 10366
661800 10366
661840 10366
661880 10366
661920 10366
661960 10366
662000 10366
662040 10367
662080 10366
662120 10366
662160 10366
662200 10366
662240 10366
662280 10366
662320 10366
662360 10365
662400 10365
662440 10365
662480 10365
662520 10366
662560 10365
662600 10365
662640 10365
662680 10365
662720 10365
662760 10365
662800 10365
662840 10365
662880 10365
662920 10366
662960 10366
663000 10366
663040 10365
663080 10365
663120 10365
663160 10365
663200 10365
663240 10365
663280 10365
663320 10365
663360 10365
663400 10365
663440 10365
663480 10364
663520 10364
663560 10364
663600 10364
663640 10365
663680 10365
663720 10364
663760 10365
663800 10364
663840 10365
663880 10365
663920 10365
663960 10365
664000 10365
664040 10365
664080 10364
664120 10364
664160 10364
664200 10364
664240 10364
664280 10365
664320 10365
664360 10365
664400 10365
664440 10365
664480 10365
664520 10364
664560 10364
664600 10363
664640 10363
664680 10363
664720 10363
664760 10364
664800 10363
664840 10364
664880 10364
664920 10364
664960 10364
665000 10364
665040 10364
665080 10364
665120 10364
665160 10364
665200 10364
665240 10364
665280 10364
665320 10364
665360 10364
665400 10364
665440 10363
665480 10364
665520 10363
665560 10364
665600 10364
665640 10364
665680 10364
665720 10364
665760 10364
665800 10364
665840 10364
665880 10364
665920 10363
665960 10363
666000 10363
666040 10363
666080 10363
666120 10364
666160 10363
666200 10363
666240 10363
666280 10363
666320 10363
666360 10363
666400 10363
666440 10363
666480 10362
666520 10362
666560 10363
666600 10363
666640 10363
666680 10363
666720 10363
666760 10363
666800 10363
666840 10363
666880 10363
666920 10363
666960 10363
667000 10363
667040 10363
667080 10363
667120 10363
667160 10363
667200 10363
667240 10363
667280 10362
667320 10362
667360 10363
667400 10363
667440 10362
667480 10363
667520 10362
667560 10362
667600 10362
667640 10362
667680 10362
667720 10362
667760 10363
667800 10362
667840 10362
667880 10362
667920 10362
667960 10362
668000 10362
668040 10363
668080 10363
668120 10362
668160 10362
668200 10362
668240 10362
668280 10361
668320 10361
668360 10361
668400 10362
668440 10362
668480 10362
668520 10362
668560 10361
668600 10361
668640 10361
668680 10361
668720 10361
668760 10362
668800 10362
668840 10361
668880 10361
668920 10361
668960 10362
669000 10361
669040 10361
669080 10361
669120 10362
669160 10362
669200 10362
669240 10362
669280 10361
669320 10362
669360 10362
669400 10362
669440 10362
669480 10361
669520 10361
669560 10361
669600 10361
669640 10361
669680 10361
669720 10361
669760 10361
669800 10362
669840 10361
669880 10361
669920 10361
669960 10361
670000 10361
670040 10361
670080 10361
670120 10362
670160 10362
670200 10361
670240 10361
670280 10361
670320 10360
670360 10360
670400 10361
670440 10361
670480 10361
670520 10361
670560 10361
670600 10361
670640 10360
670680 10361
670720 10360
670760 10360
670800 10360
670840 10360
670880 10360
670920 10360
670960 10360
671000 10360
671040 10360
671080 10360
671120 10360
671160 10360
671200 10361
671240 10361
671280 10361
671320 10361
671360 10361
671400 10360
671440 10360
671480 10360
671520 10360
671560 10360
671600 10360
671640 10360
671680 10359
671720 10360
671760 10360
671800 10360
671840 10360
671880 10360
671920 10360
671960 10360
672000 10360
672040 10360
672080 10360
672120 10360
672160 10360
672200 10360
672240 10360
672280 10359
672320 10359
672360 10359
672400 10360
672440 10360
672480 10360
672520 10359
672560 10360
672600 10359
672640 10360
672680 10360
672720 10359
672760 10360
672800 10359
672840 10359
672880 10359
672920 10359
672960 10359
673000 10358
673040 10359
673080 10359
673120 10359
673160 10359
673200 10359
673240 10359
673280 10359
673320 10359
673360 10359
673400 10359
673440 10359
673480 10359
673520 10359
673560 10359
673600 10360
673640 10359
673680 10359
673720 10359
673760 10359
673800 10359
673840 10359
673880 10359
673920 10359
673960 10359
674000 10359
674040 10359
674080 10359
674120 10359
674160 10359
674200 10358
674240 10358
674280 10358
674320 10358
674360 10358
674400 10358
674440 10359
674480 10359
674520 10358
674560 10358
674600 10358
674640 10358
674680 10358
674720 10358
674760 10358
674800 10358
674840 10358
674880 10358
674920 10358
674960 10358
675000 10357
675040 10357
675080 10358
675120 10358
675160 10358
675200 10358
675240 10358
675280 10357
675320 10358
675360 10358
675400 10358
675440 10358
675480 10358
675520 10358
675560 10358
675600 10358
675640 10357
675680 10358
675720 10358
675760 10358
675800 10358
675840 10358
675880 10358
675920 10359
675960 10358
676000 10358
676040 10358
676080 10358
676120 10358
676160 10358
676200 10358
676240 10357
676280 10357
676320 10357
676360 10357
676400 10357
676440 10356
676480 10357
676520 10357
676560 10357
676600 10357
676640 10358
676680 10357
676720 10357
676760 10358
676800 10357
676840 10357
676880 10357
676920 10357
676960 10357
677000 10357
677040 10357
677080 10357
677120 10357
677160 10357
677200 10357
677240 10357
677280 10357
677320 10357
677360 10356
677400 10357
677440 10356
677480 10356
677520 10356
677560 10356
677600 10356
677640 10357
677680 10357
677720 10357
677760 10357
677800 10356
677840 10356
677880 10356
677920 10356
677960 10356
678000 10356
678040 10356
678080 10356
678120 10356
678160 10356
678200 10356
678240 10356
678280 10357
678320 10356
678360 10356
678400 10356
678440 10356
678480 10356
678520 10356
678560 10356
678600 10356
678640 10356
678680 10356
678720 10356
678760 10355
678800 10356
678840 10356
678880 10356
678920 10356
678960 10356
679000 10356
679040 10356
679080 10356
679120 10356
679160 10356
679200 10356
679240 10356
679280 10356
679320 10356
679360 10355
679400 10356
679440 10355
679480 10355
679520 10355
679560 10355
679600 10355
679640 10355
679680 10355
679720 10355
679760 10355
679800 10355
679840 10355
679880 10355
679920 10355
679960 10355
680000 10355
680040 10355
680080 10355
680120 10355
680160 10355
680200 10355
680240 10355
680280 10355
680320 10355
680360 10356
680400 10356
680440 10356
680480 10356
680520 10356
680560 10356
680600 10356
680640 10356
680680 10356
680720 10356
680760 10355
680800 10355
680840 10355
680880 10355
680920 10354
680960 10354
681000 10354
681040 10355
681080 10355
681120 10355
681160 10355
681200 10355
681240 10354
681280 10354
681320 10354
681360 10354
681400 10354
681440 10354
681480 10354
681520 10354
681560 10354
681600 10353
681640 10354
681680 10354
681720 10354
681760 10354
681800 10354
681840 10354
681880 10354
681920 10354
681960 10354
682000 10354
682040 10354
682080 10355
682120 10355
682160 10354
682200 10354
682240 10354
682280 10354
682320 10353
682360 10353
682400 10353
682440 10354
682480 10354
682520 10354
682560 10354
682600 10354
682640 10353
682680 10353
682720 10353
682760 10353
682800 10353
682840 10354
682880 10354
682920 10353
682960 10353
683000 10354
683040 10354
683080 10354
683120 10354
683160 10354
683200 10354
683240 10354
683280 10354
683320 10354
683360 10354
683400 10354
683440 10354
683480 10353
683520 10353
683560 10354
683600 10353
683640 10353
683680 10354
683720 10354
683760 10354
683800 10354
683840 10354
683880 10354
683920 10354
683960 10353
684000 10353
684040 10353
684080 10353
684120 10353
684160 10353
684200 10353
684240 10353
684280 10353
684320 10353
684360 10352
684400 10352
684440 10352
684480 10352
684520 10352
684560 10352
684600 10352
684640 10352
684680 10353
684720 10353
684760 10353
684800 10353
684840 10353
684880 10352
684920 10352
684960 10352
685000 10352
685040 10353
685080 10353
685120 10353
685160 10353
685200 10353
685240 10352
685280 10352
685320 10352
685360 10352
685400 10352
685440 10352
685480 10352
685520 10352
685560 10352
685600 10353
685640 10352
685680 10352
685720 10352
685760 10352
685800 10353
685840 10352
685880 10352
685920 10352
685960 10352
686000 10352
686040 10352
686080 10352
686120 10351
686160 10351
686200 10351
686240 10351
686280 10351
686320 10351
686360 10351
686400 10351
686440 10352
686480 10351
686520 10351
686560 10351
686600 10351
686640 10352
686680 10352
686720 10352
686760 10352
686800 10353
686840 10352
686880 10352
686920 10352
686960 10352
687000 10352
687040 10352
687080 10352
687120 10352
687160 10351
687200 10351
687240 10351
687280 10351
687320 10351
687360 10351
687400 10351
687440 10351
687480 10351
687520 10351
687560 10351
687600 10351
687640 10351
687680 10351
687720 10350
687760 10351
687800 10351
687840 10351
687880 10351
687920 10350
687960 10350
688000 10351
688040 10351
688080 10351
688120 10351
688160 10351
688200 10351
688240 10351
688280 10351
688320 10351
688360 10351
688400 10350
688440 10350
688480 10350
688520 10350
688560 10350
688600 10351
688640 10351
688680 10351
688720 10351
688760 10351
688800 10351
688840 10351
688880 10351
688920 10351
688960 10351
689000 10351
689040 10351
689080 10352
689120 10351
689160 10350
689200 10350
689240 10349
689280 10349
689320 10349
689360 10350
689400 10349
689440 10349
689480 10350
689520 10350
689560 10350
689600 10350
689640 10350
689680 10350
689720 10350
689760 10350
689800 10349
689840 10349
689880 10349
689920 10349
689960 10349
690000 10350
690040 10350
690080 10350
690120 10350
690160 10350
690200 10350
690240 10350
690280 10350
690320 10350
690360 10350
690400 10350
690440 10350
690480 10350
690520 10349
690560 10349
690600 10349
690640 10350
690680 10350
690720 10350
690760 10350
690800 10350
690840 10349
690880 10349
690920 10349
690960 10349
691000 10349
691040 10349
691080 10349
691120 10350
691160 10349
691200 10349
691240 10349
691280 10349
691320 10349
691360 10349
691400 10349
691440 10349
691480 10350
691520 10350
691560 10350
691600 10350
691640 10350
691680 10350
691720 10349
691760 10349
691800 10349
691840 10349
691880 10349
691920 10349
691960 10349
692000 10348
692040 10348
692080 10348
692120 10349
692160 10348
692200 10348
692240 10348
692280 10348
692320 10349
692360 10348
692400 10348
692440 10348
692480 10348
692520 10348
692560 10348
692600 10348
692640 10347
692680 10348
692720 10348
692760 10349
692800 10348
692840 10348
692880 10348
692920 10348
692960 10349
693000 10348
693040 10348
693080 10348
693120 10348
693160 10348
693200 10348
693240 10348
693280 10348
693320 10348
693360 10348
693400 10348
693440 10348
693480 10348
693520 10349
693560 10348
693600 10349
693640 10349
693680 10348
693720 10348
693760 10348
693800 10349
693840 10349
693880 10348
693920 10348
693960 10348
694000 10347
694040 10347
694080 10348
694120 10347
694160 10347
694200 10347
694240 10347
694280 10347
694320 10347
694360 10347
694400 10347
694440 10347
694480 10347
694520 10347
694560 10348
694600 10347
694640 10348
694680 10347
694720 10347
694760 10347
694800 10347
694840 10347
694880 10347
694920 10347
694960 10347
695000 10347
695040 10347
695080 10347
695120 10347
695160 10347
695200 10347
695240 10347
695280 10347
695320 10347
695360 10347
695400 10347
695440 10347
695480 10347
695520 10347
695560 10348
695600 10347
695640 10347
695680 10347
695720 10346
695760 10346
695800 10346
695840 10347
695880 10346
695920 10347
695960 10347
696000 10346
696040 10346
696080 10346
696120 10346
696160 10347
696200 10347
696240 10347
696280 10347
696320 10347
696360 10347
696400 10347
696440 10347
696480 10347
696520 10346
696560 10346
696600 10346
696640 10346
696680 10346
696720 10345
696760 10345
696800 10346
696840 10346
696880 10346
696920 10346
696960 10346
697000 10346
697040 10346
697080 10346
697120 10346
697160 10346
697200 10346
697240 10346
697280 10345
697320 10345
697360 10346
697400 10346
697440 10346
697480 10346
697520 10346
697560 10346
697600 10346
697640 10346
697680 10346
697720 10346
697760 10346
697800 10346
697840 10346
697880 10346
697920 10346
697960 10346
698000 10346
698040 10346
698080 10345
698120 10345
698160 10346
698200 10346
698240 10346
698280 10345
698320 10346
698360 10345
698400 10346
698440 10346
698480 10345
698520 10346
698560 10346
698600 10346
698640 10346
698680 10346
698720 10346
698760 10346
698800 10346
698840 10345
698880 10345
698920 10346
698960 10346
699000 10345
699040 10345
699080 10345
699120 10345
699160 10345
699200 10345
699240 10344
699280 10344
699320 10345
699360 10345
699400 10344
699440 10344
699480 10344
699520 10345
699560 10344
699600 10344
699640 10344
699680 10344
699720 10344
699760 10344
699800 10344
699840 10345
699880 10345
699920 10345
699960 10345
700000 10345
700040 10345
700080 10345
700120 10345
700160 10344
700200 10344
700240 10345
700280 10345
700320 10345
700360 10345
700400 10345
700440 10344
700480 10345
700520 10345
700560 10344
700600 10345
700640 10344
700680 10344
700720 10344
700760 10344
700800 10344
700840 10345
700880 10345
700920 10345
700960 10344
701000 10344
701040 10344
701080 10344
701120 10343
701160 10343
701200 10344
701240 10344
701280 10344
701320 10344
701360 10344
701400 10344
701440 10344
701480 10344
701520 10344
701560 10344
701600 10344
701640 10344
701680 10344
701720 10344
701760 10344
701800 10344
701840 10344
701880 10343
701920 10343
701960 10344
702000 10343
702040 10343
702080 10343
702120 10343
702160 10343
702200 10343
702240 10343
702280 10343
702320 10343
702360 10343
702400 10343
702440 10343
702480 10343
702520 10343
702560 10343
702600 10344
702640 10344
702680 10344
702720 10344
702760 10344
702800 10344
702840 10344
702880 10344
702920 10343
702960 10344
703000 10344
703040 10344
703080 10344
703120 10344
703160 10344
703200 10343
703240 10343
703280 10343
703320 10343
703360 10342
703400 10342
703440 10342
703480 10343
703520 10342
703560 10342
703600 10342
703640 10342
703680 10342
703720 10342
703760 10342
703800 10343
703840 10342
703880 10342
703920 10342
703960 10342
704000 10342
704040 10343
704080 10343
704120 10343
704160 10342
704200 10342
704240 10343
704280 10343
704320 10343
704360 10343
704400 10343
704440 10343
704480 10343
704520 10342
704560 10342
704600 10342
704640 10342
704680 10342
704720 10342
704760 10342
704800 10342
704840 10342
704880 10342
704920 10342
704960 10343
705000 10343
705040 10343
705080 10342
705120 10343
705160 10342
705200 10342
705240 10342
705280 10342
705320 10342
705360 10342
705400 10342
705440 10342
705480 10342
705520 10342
705560 10342
705600 10341
705640 10341
705680 10342
705720 10342
705760 10341
705800 10341
705840 10341
705880 10342
705920 10342
705960 10342
706000 10342
706040 10342
706080 10342
706120 10342
706160 10342
706200 10342
706240 10342
706280 10341
706320 10341
706360 10341
706400 10341
706440 10341
706480 10341
706520 10341
706560 10341
706600 10341
706640 10340
706680 10340
706720 10341
706760 10341
706800 10341
706840 10342
706880 10342
706920 10342
706960 10342
707000 10342
707040 10342
707080 10341
707120 10341
707160 10341
707200 10341
707240 10341
707280 10341
707320 10341
707360 10341
707400 10341
707440 10341
707480 10340
707520 10340
707560 10341
707600 10341
707640 10341
707680 10341
707720 10341
707760 10341
707800 10341
707840 10341
707880 10341
707920 10341
707960 10340
708000 10341
708040 10341
708080 10341
708120 10341
708160 10341
708200 10340
708240 10340
708280 10340
708320 10340
708360 10340
708400 10340
708440 10340
708480 10340
708520 10340
708560 10341
708600 10341
708640 10341
708680 10341
708720 10341
708760 10341
708800 10340
708840 10340
708880 10340
708920 10340
708960 10340
709000 10340
709040 10340
709080 10339
709120 10339
709160 10339
709200 10339
709240 10339
709280 10339
709320 10339
709360 10340
709400 10340
709440 10340
709480 10340
709520 10339
709560 10339
709600 10340
709640 10340
709680 10340
709720 10340
709760 10340
709800 10340
709840 10340
709880 10340
709920 10340
709960 10340
710000 10340
710040 10340
710080 10340
710120 10340
710160 10340
710200 10340
710240 10340
710280 10340
710320 10340
710360 10340
710400 10340
710440 10339
710480 10339
710520 10339
710560 10339
710600 10339
710640 10339
710680 10339
710720 10339
710760 10339
710800 10339
710840 10339
710880 10339
710920 10339
710960 10339
711000 10338
711040 10338
711080 10339
711120 10339
711160 10339
711200 10339
711240 10339
711280 10339
711320 10339
711360 10338
711400 10338
711440 10338
711480 10338
711520 10338
711560 10338
711600 10339
711640 10339
711680 10339
711720 10339
711760 10339
711800 10339
711840 10339
711880 10338
711920 10338
711960 10338
712000 10338
712040 10339
712080 10339
712120 10339
712160 10339
712200 10339
712240 10338
712280 10338
712320 10338
712360 10338
712400 10338
712440 10338
712480 10338
712520 10338
712560 10338
712600 10337
712640 10337
712680 10338
712720 10338
712760 10338
712800 10338
712840 10339
712880 10339
712920 10339
712960 10339
713000 10339
713040 10338
713080 10338
713120 10338
713160 10338
713200 10339
713240 10338
713280 10338
713320 10338
713360 10338
713400 10338
713440 10338
713480 10338
713520 10338
713560 10338
713600 10338
713640 10338
713680 10338
713720 10338
713760 10338
713800 10337
713840 10337
713880 10337
713920 10337
713960 10337
714000 10337
714040 10337
714080 10337
714120 10337
714160 10337
714200 10337
714240 10337
714280 10337
714320 10337
714360 10337
714400 10337
714440 10337
714480 10337
714520 10338
714560 10338
714600 10338
714640 10339
714680 10338
714720 10338
714760 10338
714800 10338
714840 10338
714880 10338
714920 10337
714960 10337
715000 10337
715040 10337
715080 10337
715120 10336
715160 10336
715200 10336
715240 10336
715280 10336
715320 10336
715360 10336
715400 10336
715440 10336
715480 10336
715520 10337
715560 10337
715600 10337
715640 10337
715680 10338
715720 10337
715760 10337
715800 10337
715840 10337
715880 10336
715920 10337
715960 10337
716000 10337
716040 10336
716080 10336
716120 10336
716160 10336
716200 10336
716240 10336
716280 10337
716320 10337
716360 10336
716400 10336
716440 10336
716480 10336
716520 10336
716560 10336
716600 10336
716640 10336
716680 10336
716720 10336
716760 10337
716800 10337
716840 10336
716880 10336
716920 10336
716960 10336
717000 10336
717040 10336
717080 10336
717120 10336
717160 10336
717200 10336
717240 10337
717280 10336
717320 10336
717360 10336
717400 10336
717440 10337
717480 10337
717520 10336
717560 10336
717600 10336
717640 10336
717680 10336
717720 10335
717760 10335
717800 10335
717840 10335
717880 10335
717920 10335
717960 10336
718000 10335
718040 10335
718080 10335
718120 10335
718160 10335
718200 10335
718240 10335
718280 10335
718320 10335
718360 10335
718400 10335
718440 10335
718480 10335
718520 10335
718560 10335
718600 10335
718640 10335
718680 10335
718720 10335
718760 10336
718800 10336
718840 10336
718880 10336
718920 10336
718960 10336
719000 10336
719040 10335
719080 10335
719120 10335
719160 10334
719200 10334
719240 10334
719280 10334
719320 10334
719360 10334
719400 10334
719440 10335
719480 10335
719520 10335
719560 10335
719600 10335
719640 10335
719680 10335
719720 10335
719760 10335
719800 10335
719840 10335
719880 10335
719920 10335
719960 10335
720000 10335
720040 10335
720080 10335
720120 10335
720160 10334
720200 10334
720240 10335
720280 10335
720320 10334
720360 10335
720400 10335
720440 10335
720480 10334
720520 10335
720560 10335
720600 10334
720640 10334
720680 10334
720720 10334
720760 10333
720800 10333
720840 10333
720880 10333
720920 10333
720960 10333
721000 10333
721040 10333
721080 10333
721120 10334
721160 10334
721200 10335
721240 10335
721280 10335
721320 10335
721360 10334
721400 10334
721440 10334
721480 10333
721520 10334
721560 10334
721600 10334
721640 10334
721680 10334
721720 10334
721760 10334
721800 10334
721840 10334
721880 10334
721920 10334
721960 10334
722000 10334
722040 10334
722080 10334
722120 10334
722160 10333
722200 10334
722240 10334
722280 10334
722320 10333
722360 10334
722400 10334
722440 10333
722480 10333
722520 10333
722560 10333
722600 10334
722640 10334
722680 10333
722720 10333
722760 10333
722800 10333
722840 10333
722880 10333
722920 10333
722960 10333
723000 10333
723040 10333
723080 10333
723120 10332
723160 10333
723200 10333
723240 10333
723280 10333
723320 10333
723360 10333
723400 10333
723440 10333
723480 10333
723520 10333
723560 10333
723600 10333
723640 10333
723680 10333
723720 10333
723760 10333
723800 10333
723840 10333
723880 10333
723920 10332
723960 10332
724000 10333
724040 10333
724080 10333
724120 10332
724160 10332
724200 10332
724240 10332
724280 10332
724320 10331
724360 10331
724400 10332
724440 10332
724480 10331
724520 10332
724560 10332
724600 10333
724640 10333
724680 10332
724720 10333
724760 10333
724800 10333
724840 10333
724880 10333
724920 10333
724960 10332
725000 10333
725040 10333
725080 10333
725120 10332
725160 10332
725200 10332
725240 10332
725280 10332
725320 10332
725360 10332
725400 10332
725440 10332
725480 10332
725520 10332
725560 10332
725600 10331
725640 10331
725680 10331
725720 10331
725760 10331
725800 10331
725840 10331
725880 10332
725920 10332
725960 10332
726000 10332
726040 10332
726080 10332
726120 10332
726160 10332
726200 10332
726240 10332
726280 10332
726320 10332
726360 10332
726400 10331
726440 10331
726480 10331
726520 10331
726560 10332
726600 10332
726640 10332
726680 10332
726720 10332
726760 10332
726800 10331
726840 10332
726880 10331
726920 10331
726960 10331
727000 10330
727040 10330
727080 10330
727120 10330
727160 10330
727200 10330
727240 10330
727280 10330
727320 10330
727360 10330
727400 10330
727440 10330
727480 10331
727520 10330
727560 10330
727600 10330
727640 10331
727680 10331
727720 10331
727760 10331
727800 10332
727840 10332
727880 10332
727920 10332
727960 10331
728000 10331
728040 10331
728080 10331
728120 10331
728160 10330
728200 10330
728240 10330
728280 10330
728320 10330
728360 10330
728400 10330
728440 10330
728480 10330
728520 10330
728560 10330
728600 10330
728640 10330
728680 10330
728720 10330
728760 10330
728800 10330
728840 10330
728880 10330
728920 10330
728960 10330
729000 10330
729040 10330
729080 10330
729120 10330
729160 10330
729200 10330
729240 10330
729280 10330
729320 10330
729360 10331
729400 10331
729440 10330
729480 10330
729520 10329
729560 10329
729600 10329
729640 10329
729680 10329
729720 10330
729760 10330
729800 10330
729840 10331
729880 10331
729920 10330
729960 10330
730000 10330
730040 10330
730080 10330
730120 10330
730160 10330
730200 10330
730240 10330
730280 10330
730320 10329
730360 10330
730400 10330
730440 10330
730480 10330
730520 10329
730560 10329
730600 10330
730640 10329
730680 10330
730720 10329
730760 10329
730800 10329
730840 10329
730880 10329
730920 10328
730960 10328
731000 10328
731040 10329
731080 10329
731120 10329
731160 10329
731200 10329
731240 10329
731280 10329
731320 10329
731360 10329
731400 10329
731440 10329
731480 10329
731520 10329
731560 10330
731600 10329
731640 10329
731680 10329
731720 10329
731760 10329
731800 10328
731840 10328
731880 10329
731920 10328
731960 10328
732000 10328
732040 10328
732080 10329
732120 10329
732160 10329
732200 10330
732240 10329
732280 10329
732320 10329
732360 10329
732400 10329
732440 10328
732480 10328
732520 10328
732560 10328
732600 10329
732640 10328
732680 10329
732720 10328
732760 10328
732800 10328
732840 10327
732880 10327
732920 10328
732960 10328
733000 10328
733040 10328
733080 10328
733120 10328
733160 10328
733200 10329
733240 10328
733280 10329
733320 10329
733360 10329
733400 10329
733440 10329
733480 10328
733520 10328
733560 10328
733600 10328
733640 10328
733680 10328
733720 10327
733760 10327
733800 10327
733840 10327
733880 10327
733920 10327
733960 10327
734000 10328
734040 10328
734080 10328
734120 10327
734160 10327
734200 10327
734240 10327
734280 10327
734320 10327
734360 10328
734400 10328
734440 10329
734480 10329
734520 10328
734560 10327
734600 10327
734640 10327
734680 10327
734720 10327
734760 10327
734800 10327
734840 10327
734880 10328
734920 10328
734960 10327
735000 10327
735040 10327
735080 10327
735120 10327
735160 10327
735200 10327
735240 10327
735280 10328
735320 10327
735360 10327
735400 10327
735440 10327
735480 10327
735520 10327
735560 10327
735600 10327
735640 10327
735680 10327
735720 10327
735760 10327
735800 10327
735840 10327
735880 10327
735920 10327
735960 10327
736000 10327
736040 10327
736080 10326
736120 10326
736160 10326
736200 10326
736240 10326
736280 10326
736320 10326
736360 10327
736400 10326
736440 10326
736480 10326
736520 10326
736560 10326
736600 10327
736640 10327
736680 10326
736720 10326
736760 10326
736800 10326
736840 10327
736880 10326
736920 10326
736960 10326
737000 10326
737040 10326
737080 10326
737120 10326
737160 10326
737200 10326
737240 10326
737280 10326
737320 10326
737360 10326
737400 10326
737440 10326
737480 10326
737520 10327
737560 10327
737600 10327
737640 10326
737680 10326
737720 10326
737760 10326
737800 10325
737840 10326
737880 10326
737920 10325
737960 10326
738000 10326
738040 10326
738080 10326
738120 10326
738160 10326
738200 10326
738240 10326
738280 10326
738320 10326
738360 10326
738400 10326
738440 10326
738480 10325
738520 10325
738560 10325
738600 10325
738640 10325
738680 10325
738720 10324
738760 10324
738800 10325
738840 10325
738880 10325
738920 10325
738960 10325
739000 10325
739040 10325
739080 10326
739120 10326
739160 10326
739200 10326
739240 10326
739280 10326
739320 10325
739360 10325
739400 10325
739440 10326
739480 10325
739520 10325
739560 10325
739600 10325
739640 10325
739680 10325
739720 10325
739760 10325
739800 10324
739840 10324
739880 10323
739920 10324
739960 10324
740000 10324
740040 10324
740080 10325
740120 10324
740160 10324
740200 10324
740240 10325
740280 10324
740320 10325
740360 10325
740400 10325
740440 10325
740480 10325
740520 10324
740560 10325
740600 10325
740640 10325
740680 10325
740720 10325
740760 10325
740800 10325
740840 10324
740880 10324
740920 10325
740960 10324
741000 10324
741040 10325
741080 10325
741120 10325
741160 10324
741200 10324
741240 10324
741280 10323
741320 10323
741360 10324
741400 10324
741440 10324
741480 10324
741520 10324
741560 10324
741600 10323
741640 10324
741680 10324
741720 10324
741760 10324
741800 10324
741840 10324
741880 10324
741920 10324
741960 10324
742000 10324
742040 10324
742080 10324
742120 10324
742160 10324
742200 10324
742240 10324
742280 10324
742320 10324
742360 10323
742400 10323
742440 10323
742480 10323
742520 10323
742560 10322
742600 10323
742640 10323
742680 10323
742720 10323
742760 10323
742800 10323
742840 10324
742880 10324
742920 10324
742960 10323
743000 10323
743040 10323
743080 10324
743120 10324
743160 10323
743200 10323
743240 10323
743280 10323
743320 10323
743360 10323
743400 10323
743440 10323
743480 10324
743520 10323
743560 10323
743600 10323
743640 10323
743680 10323
743720 10323
743760 10323
743800 10323
743840 10323
743880 10323
743920 10323
743960 10323
744000 10323
744040 10323
744080 10323
744120 10322
744160 10323
744200 10323
744240 10323
744280 10323
744320 10322
744360 10323
744400 10323
744440 10323
744480 10323
744520 10323
744560 10322
744600 10323
744640 10323
744680 10323
744720 10323
744760 10323
744800 10323
744840 10322
744880 10322
744920 10322
744960 10322
745000 10322
745040 10322
745080 10322
745120 10323
745160 10323
745200 10323
745240 10322
745280 10322
745320 10322
745360 10322
745400 10322
745440 10322
745480 10322
745520 10322
745560 10322
745600 10322
745640 10322
745680 10322
745720 10322
745760 10322
745800 10322
745840 10322
745880 10322
745920 10322
745960 10322
746000 10322
746040 10322
746080 10322
746120 10322
746160 10321
746200 10321
746240 10321
746280 10322
746320 10322
746360 10322
746400 10322
746440 10322
746480 10322
746520 10322
746560 10322
746600 10322
746640 10322
746680 10322
746720 10322
746760 10322
746800 10322
746840 10322
746880 10321
746920 10321
746960 10321
747000 10321
747040 10322
747080 10322
747120 10322
747160 10322
747200 10321
747240 10321
747280 10321
747320 10321
747360 10321
747400 10321
747440 10321
747480 10320
747520 10320
747560 10320
747600 10321
747640 10321
747680 10320
747720 10321
747760 10321
747800 10321
747840 10321
747880 10321
747920 10321
747960 10321
748000 10321
748040 10321
748080 10322
748120 10321
748160 10321
748200 10321
748240 10322
748280 10321
748320 10321
748360 10321
748400 10321
748440 10322
748480 10322
748520 10322
748560 10321
748600 10321
748640 10321
748680 10320
748720 10320
748760 10320
748800 10320
748840 10320
748880 10320
748920 10320
748960 10320
749000 10320
749040 10320
749080 10320
749120 10320
749160 10320
749200 10320
749240 10320
749280 10320
749320 10321
749360 10321
749400 10321
749440 10320
749480 10320
749520 10320
749560 10320
749600 10320
749640 10320
749680 10320
749720 10320
749760 10320
749800 10320
749840 10320
749880 10320
749920 10320
749960 10320
750000 10320
750040 10320
750080 10320
750120 10320
750160 10320
750200 10321
750240 10321
750280 10320
750320 10320
750360 10319
750400 10320
750440 10320
750480 10320
750520 10320
750560 10320
750600 10320
750640 10320
750680 10320
750720 10320
750760 10320
750800 10320
750840 10319
750880 10319
750920 10320
750960 10319
751000 10319
751040 10319
751080 10319
751120 10319
751160 10319
751200 10319
751240 10319
751280 10320
751320 10320
751360 10320
751400 10320
751440 10320
751480 10320
751520 10319
751560 10320
751600 10320
751640 10320
751680 10319
751720 10319
751760 10319
751800 10319
751840 10319
751880 10319
751920 10319
751960 10319
752000 10319
752040 10319
752080 10319
752120 10319
752160 10319
752200 10319
752240 10319
752280 10318
752320 10319
752360 10319
752400 10319
752440 10319
752480 10319
752520 10319
752560 10319
752600 10319
752640 10319
752680 10319
752720 10319
752760 10319
752800 10319
752840 10319
752880 10319
752920 10319
752960 10319
753000 10319
753040 10318
753080 10318
753120 10319
753160 10319
753200 10318
753240 10319
753280 10319
753320 10319
753360 10319
753400 10319
753440 10319
753480 10319
753520 10319
753560 10319
753600 10318
753640 10318
753680 10318
753720 10318
753760 10318
753800 10317
753840 10317
753880 10317
753920 10317
753960 10317
754000 10317
754040 10317
754080 10317
754120 10318
754160 10318
754200 10318
754240 10318
754280 10318
754320 10318
754360 10317
754400 10317
754440 10317
754480 10317
754520 10318
754560 10318
754600 10318
754640 10318
754680 10318
754720 10318
754760 10318
754800 10319
754840 10319
754880 10319
754920 10319
754960 10319
755000 10319
755040 10319
755080 10318
755120 10318
755160 10317
755200 10317
755240 10317
755280 10317
755320 10317
755360 10317
755400 10317
755440 10317
755480 10318
755520 10317
755560 10316
755600 10317
755640 10317
755680 10317
755720 10317
755760 10317
755800 10317
755840 10318
755880 10317
755920 10317
755960 10318
756000 10318
756040 10318
756080 10318
756120 10318
756160 10317
756200 10317
756240 10317
756280 10317
756320 10317
756360 10317
756400 10317
756440 10317
756480 10318
756520 10317
756560 10318
756600 10317
756640 10317
756680 10317
756720 10317
756760 10317
756800 10317
756840 10317
756880 10316
756920 10316
756960 10316
757000 10317
757040 10317
757080 10317
757120 10317
757160 10317
757200 10317
757240 10317
757280 10317
757320 10317
757360 10316
757400 10317
757440 10316
757480 10317
757520 10317
757560 10317
757600 10317
757640 10317
757680 10316
757720 10316
757760 10316
757800 10316
757840 10316
757880 10317
757920 10316
757960 10316
758000 10316
758040 10316
758080 10316
758120 10316
758160 10316
758200 10316
758240 10316
758280 10316
758320 10316
758360 10316
758400 10316
758440 10316
758480 10316
758520 10316
758560 10317
758600 10316
758640 10316
758680 10316
758720 10316
758760 10316
758800 10316
758840 10316
758880 10316
758920 10316
758960 10316
759000 10316
759040 10316
759080 10316
759120 10316
759160 10316
759200 10316
759240 10316
759280 10315
759320 10315
759360 10316
759400 10316
759440 10316
759480 10316
759520 10316
759560 10316
759600 10316
759640 10316
759680 10316
759720 10316
759760 10316
759800 10316
759840 10316
759880 10315
759920 10315
759960 10315
760000 10315
760040 10315
760080 10315
760120 10316
760160 10315
760200 10315
760240 10315
760280 10315
760320 10316
760360 10315
760400 10316
760440 10316
760480 10316
760520 10316
760560 10316
760600 10316
760640 10315
760680 10315
760720 10315
760760 10315
760800 10315
760840 10315
760880 10315
760920 10315
760960 10315
761000 10315
761040 10315
761080 10314
761120 10315
761160 10315
761200 10315
761240 10316
761280 10315
761320 10315
761360 10315
761400 10315
761440 10315
761480 10315
761520 10315
761560 10315
761600 10315
761640 10315
761680 10315
761720 10315
761760 10315
761800 10315
761840 10315
761880 10314
761920 10314
761960 10315
762000 10315
762040 10314
762080 10314
762120 10314
762160 10314
762200 10314
762240 10314
762280 10314
762320 10314
762360 10314
762400 10315
762440 10314
762480 10314
762520 10314
762560 10314
762600 10314
762640 10314
762680 10314
762720 10314
762760 10314
762800 10314
762840 10314
762880 10313
762920 10314
762960 10314
763000 10313
763040 10313
763080 10314
763120 10314
763160 10314
763200 10314
763240 10314
763280 10315
763320 10315
763360 10315
763400 10315
763440 10315
763480 10314
763520 10314
763560 10314
763600 10314
763640 10314
763680 10314
763720 10314
763760 10314
763800 10314
763840 10314
763880 10314
763920 10314
763960 10314
764000 10314
764040 10313
764080 10314
764120 10314
764160 10314
764200 10314
764240 10314
764280 10314
764320 10314
764360 10313
764400 10313
764440 10313
764480 10313
764520 10313
764560 10313
764600 10314
764640 10313
764680 10313
764720 10313
764760 10313
764800 10313
764840 10313
764880 10313
764920 10313
764960 10313
765000 10313
765040 10313
765080 10313
765120 10313
765160 10313
765200 10313
765240 10313
765280 10313
765320 10313
765360 10313
765400 10313
765440 10313
765480 10313
765520 10313
765560 10314
765600 10313
765640 10313
765680 10313
765720 10312
765760 10312
765800 10312
765840 10312
765880 10312
765920 10312
765960 10312
766000 10312
766040 10313
766080 10313
766120 10313
766160 10313
766200 10312
766240 10313
766280 10312
766320 10313
766360 10313
766400 10313
766440 10313
766480 10313
766520 10313
766560 10313
766600 10312
766640 10312
766680 10312
766720 10313
766760 10312
766800 10312
766840 10312
766880 10312
766920 10312
766960 10312
767000 10312
767040 10312
767080 10312
767120 10312
767160 10312
767200 10313
767240 10312
767280 10312
767320 10312
767360 10313
767400 10313
767440 10313
767480 10312
767520 10312
767560 10312
767600 10312
767640 10312
767680 10313
767720 10312
767760 10312
767800 10312
767840 10312
767880 10312
767920 10312
767960 10311
768000 10311
768040 10311
768080 10312
768120 10311
768160 10311
768200 10311
768240 10311
768280 10312
768320 10312
768360 10312
768400 10311
768440 10311
768480 10311
768520 10311
768560 10311
768600 10311
768640 10311
768680 10311
768720 10312
768760 10311
768800 10311
768840 10311
768880 10311
768920 10311
768960 10312
769000 10312
769040 10312
769080 10312
769120 10312
769160 10311
769200 10311
769240 10311
769280 10312
769320 10311
769360 10312
769400 10312
769440 10312
769480 10312
769520 10311
769560 10312
769600 10312
769640 10311
769680 10311
769720 10311
769760 10312
769800 10311
769840 10311
769880 10311
769920 10311
769960 10310
770000 10311
770040 10311
770080 10311
770120 10311
770160 10311
770200 10311
770240 10312
770280 10312
770320 10311
770360 10311
770400 10311
770440 10311
770480 10311
770520 10310
770560 10310
770600 10310
770640 10310
770680 10310
770720 10311
770760 10311
770800 10311
770840 10310
770880 10310
770920 10310
770960 10310
771000 10310
771040 10310
771080 10310
771120 10311
771160 10310
771200 10310
771240 10310
771280 10310
771320 10311
771360 10311
771400 10311
771440 10311
771480 10311
771520 10310
771560 10311
771600 10311
771640 10310
771680 10310
771720 10310
771760 10309
771800 10309
771840 10310
771880 10310
771920 10310
771960 10310
772000 10310
772040 10310
772080 10310
772120 10310
772160 10310
772200 10310
772240 10310
772280 10310
772320 10309
772360 10310
772400 10310
772440 10310
772480 10309
772520 10310
772560 10310
772600 10310
772640 10309
772680 10310
772720 10310
772760 10309
772800 10310
772840 10310
772880 10310
772920 10310
772960 10310
773000 10310
773040 10310
773080 10310
773120 10310
773160 10310
773200 10310
773240 10310
773280 10310
773320 10310
773360 10310
773400 10310
773440 10310
773480 10311
773520 10311
773560 10310
773600 10310
773640 10309
773680 10309
773720 10309
773760 10309
773800 10309
773840 10309
773880 10309
773920 10308
773960 10309
774000 10309
774040 10309
774080 10309
774120 10309
774160 10309
774200 10309
774240 10310
774280 10310
774320 10310
774360 10310
774400 10310
774440 10310
774480 10310
774520 10310
774560 10309
774600 10309
774640 10309
774680 10309
774720 10309
774760 10309
774800 10309
774840 10309
774880 10309
774920 10308
774960 10308
775000 10308
775040 10308
775080 10308
775120 10309
775160 10309
775200 10309
775240 10308
775280 10308
775320 10308
775360 10308
775400 10308
775440 10308
775480 10308
775520 10308
775560 10308
775600 10308
775640 10308
775680 10308
775720 10308
775760 10307
775800 10308
775840 10308
775880 10308
775920 10308
775960 10309
776000 10308
776040 10309
776080 10308
776120 10309
776160 10309
776200 10309
776240 10309
776280 10309
776320 10309
776360 10309
776400 10309
776440 10309
776480 10308
776520 10308
776560 10308
776600 10308
776640 10308
776680 10308
776720 10308
776760 10308
776800 10308
776840 10308
776880 10308
776920 10307
776960 10307
777000 10307
777040 10307
777080 10307
777120 10307
777160 10308
777200 10308
777240 10308
777280 10308
777320 10308
777360 10308
777400 10308
777440 10308
777480 10308
777520 10308
777560 10308
777600 10308
777640 10308
777680 10308
777720 10308
777760 10307
777800 10307
777840 10307
777880 10307
777920 10307
777960 10307
778000 10307
778040 10307
778080 10307
778120 10307
778160 10307
778200 10307
778240 10307
778280 10307
778320 10307
778360 10308
778400 10308
778440 10307
778480 10307
778520 10307
778560 10307
778600 10307
778640 10307
778680 10307
778720 10307
778760 10308
778800 10307
778840 10307
778880 10307
778920 10307
778960 10307
779000 10308
779040 10307
779080 10308
779120 10308
779160 10308
779200 10307
779240 10307
779280 10307
779320 10306
779360 10306
779400 10306
779440 10306
779480 10306
779520 10307
779560 10306
779600 10306
779640 10306
779680 10306
779720 10306
779760 10307
779800 10307
779840 10306
779880 10307
779920 10307
779960 10307
780000 10307
780040 10306
780080 10306
780120 10307
780160 10307
780200 10307
780240 10307
780280 10306
780320 10306
780360 10306
780400 10306
780440 10306
780480 10307
780520 10307
780560 10307
780600 10307
780640 10307
780680 10307
780720 10306
780760 10306
780800 10306
780840 10307
780880 10306
780920 10306
780960 10306
781000 10306
781040 10305
781080 10305
781120 10305
781160 10305
781200 10306
781240 10306
781280 10306
781320 10306
781360 10306
781400 10306
781440 10306
781480 10306
781520 10306
781560 10306
781600 10306
781640 10306
781680 10306
781720 10306
781760 10306
781800 10305
781840 10305
781880 10305
781920 10305
781960 10305
782000 10305
782040 10305
782080 10306
782120 10305
782160 10305
782200 10307
782240 10306
782280 10306
782320 10306
782360 10305
782400 10306
782440 10305
782480 10305
782520 10305
782560 10305
782600 10305
782640 10305
782680 10305
782720 10305
782760 10305
782800 10305
782840 10305
782880 10306
782920 10306
782960 10306
783000 10306
783040 10306
783080 10306
783120 10306
783160 10305
783200 10305
783240 10305
783280 10305
783320 10304
783360 10305
783400 10304
783440 10305
783480 10305
783520 10305
783560 10304
783600 10304
783640 10304
783680 10305
783720 10305
783760 10306
783800 10306
783840 10306
783880 10305
783920 10306
783960 10305
784000 10305
784040 10306
784080 10306
784120 10306
784160 10306
784200 10306
784240 10306
784280 10306
784320 10306
784360 10305
784400 10305
784440 10305
784480 10305
784520 10305
784560 10304
784600 10304
784640 10304
784680 10304
784720 10304
784760 10303
784800 10304
784840 10304
784880 10304
784920 10304
784960 10304
785000 10304
785040 10304
785080 10305
785120 10304
785160 10304
785200 10304
785240 10304
785280 10304
785320 10304
785360 10304
785400 10304
785440 10305
785480 10305
785520 10305
785560 10305
785600 10304
785640 10304
785680 10305
785720 10305
785760 10305
785800 10304
785840 10304
785880 10304
785920 10304
785960 10304
786000 10304
786040 10304
786080 10304
786120 10304
786160 10304
786200 10304
786240 10304
786280 10304
786320 10304
786360 10304
786400 10305
786440 10305
786480 10305
786520 10305
786560 10305
786600 10305
786640 10304
786680 10304
786720 10303
786760 10304
786800 10304
786840 10304
786880 10303
786920 10304
786960 10303
787000 10303
787040 10303
787080 10304
787120 10304
787160 10303
787200 10304
787240 10304
787280 10304
787320 10303
787360 10303
787400 10303
787440 10303
787480 10302
787520 10302
787560 10303
787600 10303
787640 10303
787680 10303
787720 10303
787760 10303
787800 10303
787840 10303
787880 10303
787920 10303
787960 10303
788000 10303
788040 10303
788080 10304
788120 10304
788160 10304
788200 10304
788240 10304
788280 10304
788320 10303
788360 10304
788400 10304
788440 10304
788480 10304
788520 10303
788560 10303
788600 10303
788640 10303
788680 10303
788720 10303
788760 10303
788800 10302
788840 10302
788880 10302
788920 10302
788960 10302
789000 10302
789040 10302
789080 10302
789120 10303
789160 10303
789200 10303
789240 10303
789280 10302
789320 10302
789360 10302
789400 10303
789440 10303
789480 10303
789520 10303
789560 10303
789600 10303
789640 10303
789680 10302
789720 10303
789760 10302
789800 10303
789840 10303
789880 10302
789920 10302
789960 10302
790000 10301
790040 10302
790080 10302
790120 10302
790160 10302
790200 10302
790240 10302
790280 10303
790320 10302
790360 10302
790400 10301
790440 10301
790480 10301
790520 10302
790560 10302
790600 10302
790640 10302
790680 10302
790720 10302
790760 10302
790800 10302
790840 10302
790880 10302
790920 10302
790960 10302
791000 10302
791040 10302
791080 10302
791120 10302
791160 10302
791200 10302
791240 10302
791280 10302
791320 10302
791360 10302
791400 10302
791440 10302
791480 10302
791520 10302
791560 10302
791600 10302
791640 10301
791680 10301
791720 10301
791760 10301
791800 10301
791840 10301
791880 10301
791920 10302
791960 10302
792000 10302
792040 10302
792080 10302
792120 10302
792160 10302
792200 10302
792240 10302
792280 10302
792320 10302
792360 10302
792400 10302
792440 10302
792480 10302
792520 10302
792560 10301
792600 10301
792640 10301
792680 10300
792720 10300
792760 10300
792800 10301
792840 10301
792880 10301
792920 10301
792960 10301
793000 10301
793040 10301
793080 10301
793120 10301
793160 10301
793200 10301
793240 10301
793280 10301
793320 10301
793360 10301
793400 10301
793440 10301
793480 10301
793520 10301
793560 10301
793600 10301
793640 10301
793680 10301
793720 10301
793760 10301
793800 10301
793840 10301
793880 10301
793920 10301
793960 10300
794000 10301
794040 10301
794080 10301
794120 10300
794160 10300
794200 10300
794240 10300
794280 10300
794320 10300
794360 10301
794400 10301
794440 10301
794480 10301
794520 10301
794560 10301
794600 10301
794640 10301
794680 10301
794720 10301
794760 10301
794800 10301
794840 10301
794880 10300
794920 10300
794960 10300
795000 10300
795040 10299
795080 10299
795120 10299
795160 10299
795200 10299
795240 10299
795280 10300
795320 10300
795360 10300
795400 10300
795440 10300
795480 10300
795520 10300
795560 10299
795600 10300
795640 10300
795680 10299
795720 10299
795760 10300
795800 10300
795840 10300
795880 10300
795920 10301
795960 10301
796000 10302
796040 10301
796080 10301
796120 10301
796160 10300
796200 10300
796240 10301
796280 10301
796320 10300
796360 10300
796400 10299
796440 10299
796480 10299
796520 10299
796560 10299
796600 10299
796640 10300
796680 10300
796720 10299
796760 10299
796800 10299
796840 10299
796880 10299
796920 10299
796960 10300
797000 10299
797040 10300
797080 10300
797120 10299
797160 10299
797200 10300
797240 10300
797280 10299
797320 10299
797360 10299
797400 10299
797440 10299
797480 10299
797520 10299
797560 10300
797600 10300
797640 10300
797680 10299
797720 10299
797760 10299
797800 10299
797840 10299
797880 10299
797920 10299
797960 10299
798000 10299
798040 10299
798080 10299
798120 10299
798160 10299
798200 10299
798240 10299
798280 10299
798320 10299
798360 10299
798400 10299
798440 10299
798480 10300
798520 10299
798560 10299
798600 10299
798640 10299
798680 10299
798720 10299
798760 10299
798800 10299
798840 10299
798880 10299
798920 10299
798960 10298
799000 10298
799040 10298
799080 10298
799120 10298
799160 10298
799200 10299
799240 10298
799280 10298
799320 10298
799360 10298
799400 10299
799440 10299
799480 10299
799520 10299
799560 10298
799600 10299
799640 10299
799680 10299
799720 10299
799760 10299
799800 10298
799840 10298
799880 10298
799920 10298
799960 10298
800000 10298
800040 10297
800080 10297
800120 10298
800160 10297
800200 10297
800240 10297
800280 10298
800320 10298
800360 10298
800400 10298
800440 10298
800480 10299
800520 10299
800560 10298
800600 10298
800640 10298
800680 10298
800720 10299
800760 10299
800800 10298
800840 10298
800880 10298
800920 10299
800960 10298
801000 10299
801040 10298
801080 10298
801120 10298
801160 10298
801200 10298
801240 10298
801280 10298
801320 10298
801360 10298
801400 10298
801440 10299
801480 10298
801520 10298
801560 10298
801600 10297
801640 10297
801680 10297
801720 10297
801760 10297
801800 10297
801840 10297
801880 10297
801920 10297
801960 10297
802000 10297
802040 10297
802080 10297
802120 10297
802160 10297
802200 10297
802240 10297
802280 10297
802320 10297
802360 10297
802400 10297
802440 10297
802480 10297
802520 10297
802560 10297
802600 10297
802640 10297
802680 10297
802720 10297
802760 10297
802800 10297
802840 10297
802880 10297
802920 10297
802960 10297
803000 10297
803040 10297
803080 10297
803120 10297
803160 10298
803200 10297
803240 10297
803280 10297
803320 10297
803360 10297
803400 10297
803440 10297
803480 10297
803520 10297
803560 10297
803600 10297
803640 10296
803680 10297
803720 10296
803760 10296
803800 10296
803840 10296
803880 10297
803920 10296
803960 10296
804000 10296
804040 10297
804080 10297
804120 10298
804160 10298
804200 10297
804240 10296
804280 10296
804320 10295
804360 10295
804400 10296
804440 10296
804480 10296
804520 10297
804560 10297
804600 10297
804640 10297
804680 10297
804720 10297
804760 10297
804800 10297
804840 10297
804880 10297
804920 10296
804960 10296
805000 10296
805040 10296
805080 10296
805120 10296
805160 10296
805200 10296
805240 10296
805280 10296
805320 10296
805360 10296
805400 10296
805440 10296
805480 10296
805520 10296
805560 10296
805600 10296
805640 10296
805680 10296
805720 10296
805760 10295
805800 10296
805840 10296
805880 10296
805920 10296
805960 10296
806000 10296
806040 10296
806080 10296
806120 10297
806160 10297
806200 10296
806240 10295
806280 10296
806320 10295
806360 10295
806400 10295
806440 10295
806480 10295
806520 10295
806560 10295
806600 10295
806640 10295
806680 10294
806720 10295
806760 10295
806800 10296
806840 10296
806880 10296
806920 10296
806960 10296
807000 10296
807040 10295
807080 10296
807120 10296
807160 10296
807200 10295
807240 10296
807280 10295
807320 10295
807360 10295
807400 10295
807440 10295
807480 10295
807520 10295
807560 10296
807600 10295
807640 10296
807680 10296
807720 10296
807760 10296
807800 10296
807840 10296
807880 10296
807920 10295
807960 10295
808000 10295
808040 10295
808080 10295
808120 10295
808160 10295
808200 10295
808240 10295
808280 10295
808320 10295
808360 10295
808400 10295
808440 10295
808480 10295
808520 10295
808560 10295
808600 10295
808640 10295
808680 10296
808720 10295
808760 10294
808800 10294
808840 10294
808880 10294
808920 10294
808960 10294
809000 10294
809040 10294
809080 10294
809120 10293
809160 10294
809200 10295
809240 10295
809280 10295
809320 10295
809360 10295
809400 10294
809440 10294
809480 10295
809520 10294
809560 10294
809600 10294
809640 10295
809680 10295
809720 10295
809760 10295
809800 10295
809840 10295
809880 10295
809920 10295
809960 10295
810000 10295
810040 10295
810080 10295
810120 10295
810160 10294
810200 10295
810240 10294
810280 10294
810320 10294
810360 10294
810400 10294
810440 10294
810480 10294
810520 10294
810560 10295
810600 10294
810640 10294
810680 10294
810720 10294
810760 10294
810800 10294
810840 10294
810880 10294
810920 10293
810960 10293
811000 10294
811040 10294
811080 10294
811120 10294
811160 10293
811200 10294
811240 10294
811280 10294
811320 10293
811360 10294
811400 10294
811440 10294
811480 10294
811520 10294
811560 10294
811600 10294
811640 10293
811680 10294
811720 10293
811760 10294
811800 10293
811840 10293
811880 10293
811920 10293
811960 10293
812000 10294
812040 10294
812080 10294
812120 10293
812160 10293
812200 10293
812240 10293
812280 10293
812320 10293
812360 10293
812400 10293
812440 10293
812480 10293
812520 10293
812560 10293
812600 10293
812640 10293
812680 10293
812720 10293
812760 10293
812800 10294
812840 10294
812880 10294
812920 10293
812960 10294
813000 10293
813040 10293
813080 10294
813120 10294
813160 10293
813200 10293
813240 10292
813280 10292
813320 10293
813360 10293
813400 10293
813440 10293
813480 10293
813520 10294
813560 10293
813600 10293
813640 10293
813680 10293
813720 10293
813760 10293
813800 10292
813840 10293
813880 10293
813920 10293
813960 10293
814000 10293
814040 10293
814080 10292
814120 10293
814160 10293
814200 10293
814240 10293
814280 10293
814320 10293
814360 10293
814400 10292
814440 10293
814480 10292
814520 10293
814560 10292
814600 10292
814640 10292
814680 10292
814720 10292
814760 10292
814800 10292
814840 10292
814880 10292
814920 10292
814960 10292
815000 10292
815040 10292
815080 10292
815120 10292
815160 10293
815200 10292
815240 10292
815280 10292
815320 10292
815360 10293
815400 10292
815440 10292
815480 10292
815520 10292
815560 10293
815600 10293
815640 10293
815680 10292
815720 10292
815760 10292
815800 10292
815840 10292
815880 10292
815920 10293
815960 10293
816000 10292
816040 10292
816080 10292
816120 10291
816160 10291
816200 10292
816240 10291
816280 10292
816320 10292
816360 10292
816400 10292
816440 10292
816480 10292
816520 10291
816560 10291
816600 10291
816640 10291
816680 10291
816720 10291
816760 10291
816800 10292
816840 10292
816880 10291
816920 10292
816960 10292
817000 10292
817040 10292
817080 10292
817120 10291
817160 10291
817200 10291
817240 10292
817280 10291
817320 10291
817360 10291
817400 10292
817440 10292
817480 10292
817520 10292
817560 10291
817600 10291
817640 10291
817680 10292
817720 10291
817760 10291
817800 10291
817840 10291
817880 10292
817920 10291
817960 10291
818000 10291
818040 10292
818080 10292
818120 10291
818160 10291
818200 10291
818240 10290
818280 10290
818320 10290
818360 10291
818400 10291
818440 10291
818480 10291
818520 10291
818560 10291
818600 10291
818640 10291
818680 10291
818720 10291
818760 10292
818800 10291
818840 10290
818880 10290
818920 10291
818960 10290
819000 10291
819040 10290
819080 10290
819120 10290
819160 10290
819200 10291
819240 10291
819280 10291
819320 10290
819360 10291
819400 10290
819440 10291
819480 10291
819520 10291
819560 10291
819600 10291
819640 10290
819680 10290
819720 10290
819760 10291
819800 10290
819840 10291
819880 10291
819920 10291
819960 10291
820000 10291
820040 10291
820080 10291
820120 10291
820160 10291
820200 10290
820240 10290
820280 10290
820320 10290
820360 10290
820400 10290
820440 10290
820480 10290
820520 10290
820560 10290
820600 10290
820640 10290
820680 10290
820720 10290
820760 10290
820800 10290
820840 10290
820880 10289
820920 10289
820960 10289
821000 10289
821040 10289
821080 10290
821120 10290
821160 10289
821200 10289
821240 10290
821280 10290
821320 10290
821360 10290
821400 10291
821440 10291
821480 10290
821520 10290
821560 10290
821600 10290
821640 10290
821680 10290
821720 10290
821760 10289
821800 10289
821840 10289
821880 10290
821920 10290
821960 10290
822000 10290
822040 10290
822080 10290
822120 10289
822160 10290
822200 10289
822240 10290
822280 10290
822320 10290
822360 10290
822400 10289
822440 10289
822480 10290
822520 10289
822560 10289
822600 10289
822640 10289
822680 10289
822720 10289
822760 10289
822800 10289
822840 10289
822880 10289
822920 10289
822960 10289
823000 10290
823040 10289
823080 10289
823120 10289
823160 10290
823200 10290
823240 10290
823280 10289
823320 10289
823360 10289
823400 10288
823440 10289
823480 10289
823520 10289
823560 10289
823600 10289
823640 10289
823680 10289
823720 10289
823760 10289
823800 10289
823840 10289
823880 10289
823920 10289
823960 10290
824000 10289
824040 10290
824080 10289
824120 10289
824160 10289
824200 10289
824240 10289
824280 10289
824320 10289
824360 10289
824400 10289
824440 10289
824480 10289
824520 10289
824560 10289
824600 10288
824640 10289
824680 10289
824720 10288
824760 10288
824800 10288
824840 10288
824880 10288
824920 10288
824960 10288
825000 10288
825040 10289
825080 10288
825120 10288
825160 10288
825200 10288
825240 10288
825280 10288
825320 10288
825360 10288
825400 10288
825440 10288
825480 10288
825520 10288
825560 10288
825600 10288
825640 10288
825680 10288
825720 10288
825760 10288
825800 10289
825840 10289
825880 10288
825920 10289
825960 10289
826000 10289
826040 10289
826080 10288
826120 10288
826160 10288
826200 10288
826240 10288
826280 10288
826320 10287
826360 10287
826400 10288
826440 10288
826480 10288
826520 10288
826560 10288
826600 10288
826640 10288
826680 10288
826720 10287
826760 10288
826800 10288
826840 10287
826880 10287
826920 10288
826960 10288
827000 10288
827040 10288
827080 10289
827120 10288
827160 10288
827200 10288
827240 10287
827280 10287
827320 10287
827360 10287
827400 10286
827440 10287
827480 10286
827520 10286
827560 10286
827600 10287
827640 10287
827680 10287
827720 10287
827760 10287
827800 10287
827840 10288
827880 10288
827920 10288
827960 10288
828000 10288
828040 10288
828080 10288
828120 10288
828160 10287
828200 10288
828240 10288
828280 10287
828320 10288
828360 10287
828400 10287
828440 10287
828480 10287
828520 10287
828560 10287
828600 10287
828640 10287
828680 10287
828720 10287
828760 10287
828800 10287
828840 10287
828880 10287
828920 10287
828960 10287
829000 10287
829040 10287
829080 10287
829120 10287
829160 10287
829200 10287
829240 10286
829280 10286
829320 10286
829360 10287
829400 10287
829440 10287
829480 10287
829520 10287
829560 10286
829600 10286
829640 10286
829680 10286
829720 10286
829760 10286
829800 10286
829840 10287
829880 10287
829920 10287
829960 10287
830000 10287
830040 10287
830080 10287
830120 10287
830160 10287
830200 10287
830240 10286
830280 10286
830320 10286
830360 10286
830400 10286
830440 10286
830480 10286
830520 10286
830560 10286
830600 10286
830640 10286
830680 10286
830720 10286
830760 10286
830800 10286
830840 10286
830880 10286
830920 10286
830960 10286
831000 10286
831040 10286
831080 10286
831120 10286
831160 10286
831200 10286
831240 10286
831280 10286
831320 10285
831360 10285
831400 10286
831440 10286
831480 10286
831520 10286
831560 10285
831600 10285
831640 10285
831680 10285
831720 10286
831760 10286
831800 10287
831840 10287
831880 10287
831920 10286
831960 10286
832000 10286
832040 10287
832080 10286
832120 10286
832160 10286
832200 10286
832240 10286
832280 10286
832320 10286
832360 10286
832400 10285
832440 10286
832480 10285
832520 10285
832560 10285
832600 10285
832640 10285
832680 10285
832720 10284
832760 10284
832800 10285
832840 10285
832880 10285
832920 10285
832960 10285
833000 10284
833040 10284
833080 10284
833120 10284
833160 10284
833200 10285
833240 10285
833280 10285
833320 10285
833360 10285
833400 10285
833440 10285
833480 10286
833520 10286
833560 10285
833600 10285
833640 10284
833680 10285
833720 10285
833760 10285
833800 10286
833840 10285
833880 10285
833920 10285
833960 10285
834000 10285
834040 10285
834080 10285
834120 10285
834160 10284
834200 10285
834240 10285
834280 10285
834320 10285
834360 10285
834400 10285
834440 10285
834480 10285
834520 10284
834560 10285
834600 10285
834640 10285
834680 10285
834720 10285
834760 10285
834800 10285
834840 10285
834880 10285
834920 10285
834960 10285
835000 10285
835040 10284
835080 10284
835120 10283
835160 10284
835200 10284
835240 10283
835280 10284
835320 10283
835360 10283
835400 10284
835440 10284
835480 10284
835520 10285
835560 10284
835600 10285
835640 10285
835680 10284
835720 10284
835760 10284
835800 10283
835840 10283
835880 10284
835920 10283
835960 10284
836000 10283
836040 10284
836080 10284
836120 10284
836160 10284
836200 10284
836240 10284
836280 10284
836320 10284
836360 10284
836400 10284
836440 10284
836480 10284
836520 10284
836560 10284
836600 10284
836640 10284
836680 10284
836720 10283
836760 10284
836800 10284
836840 10284
836880 10284
836920 10284
836960 10284
837000 10283
837040 10284
837080 10284
837120 10284
837160 10284
837200 10284
837240 10284
837280 10283
837320 10283
837360 10282
837400 10283
837440 10283
837480 10284
837520 10283
837560 10283
837600 10283
837640 10283
837680 10283
837720 10283
837760 10283
837800 10284
837840 10284
837880 10284
837920 10284
837960 10284
838000 10284
838040 10283
838080 10283
838120 10283
838160 10283
838200 10283
838240 10283
838280 10283
838320 10283
838360 10283
838400 10283
838440 10283
838480 10283
838520 10283
838560 10284
838600 10283
838640 10283
838680 10283
838720 10283
838760 10283
838800 10283
838840 10283
838880 10283
838920 10283
838960 10283
839000 10283
839040 10283
839080 10283
839120 10282
839160 10282
839200 10282
839240 10282
839280 10282
839320 10282
839360 10283
839400 10283
839440 10283
839480 10282
839520 10282
839560 10283
839600 10283
839640 10283
839680 10283
839720 10283
839760 10283
839800 10283
839840 10283
839880 10283
839920 10283
839960 10283
840000 10283
840040 10283
840080 10283
840120 10282
840160 10282
840200 10282
840240 10282
840280 10282
840320 10281
840360 10281
840400 10282
840440 10282
840480 10282
840520 10282
840560 10282
840600 10282
840640 10282
840680 10282
840720 10282
840760 10282
840800 10282
840840 10282
840880 10282
840920 10283
840960 10282
841000 10283
841040 10283
841080 10283
841120 10283
841160 10282
841200 10282
841240 10282
841280 10282
841320 10282
841360 10282
841400 10282
841440 10282
841480 10282
841520 10282
841560 10282
841600 10282
841640 10282
841680 10282
841720 10282
841760 10281
841800 10281
841840 10282
841880 10282
841920 10282
841960 10282
842000 10282
842040 10282
842080 10282
842120 10282
842160 10282
842200 10282
842240 10282
842280 10282
842320 10281
842360 10281
842400 10281
842440 10282
842480 10282
842520 10282
842560 10282
842600 10282
842640 10282
842680 10281
842720 10281
842760 10281
842800 10281
842840 10282
842880 10282
842920 10282
842960 10282
843000 10282
843040 10281
843080 10281
843120 10281
843160 10281
843200 10281
843240 10281
843280 10280
843320 10280
843360 10280
843400 10281
843440 10281
843480 10281
843520 10281
843560 10281
843600 10281
843640 10281
843680 10281
843720 10281
843760 10281
843800 10281
843840 10281
843880 10281
843920 10281
843960 10281
844000 10281
844040 10281
844080 10282
844120 10282
844160 10282
844200 10281
844240 10281
844280 10281
844320 10281
844360 10281
844400 10281
844440 10281
844480 10281
844520 10280
844560 10280
844600 10280
844640 10280
844680 10280
844720 10280
844760 10280
844800 10280
844840 10280
844880 10280
844920 10280
844960 10280
845000 10280
845040 10280
845080 10280
845120 10280
845160 10280
845200 10280
845240 10280
845280 10280
845320 10280
845360 10281
845400 10280
845440 10280
845480 10280
845520 10280
845560 10280
845600 10281
845640 10280
845680 10281
845720 10281
845760 10280
845800 10280
845840 10280
845880 10280
845920 10279
845960 10279
846000 10280
846040 10280
846080 10280
846120 10280
846160 10280
846200 10280
846240 10280
846280 10280
846320 10280
846360 10280
846400 10280
846440 10281
846480 10281
846520 10281
846560 10281
846600 10280
846640 10280
846680 10280
846720 10280
846760 10279
846800 10279
846840 10279
846880 10279
846920 10280
846960 10280
847000 10280
847040 10279
847080 10280
847120 10279
847160 10280
847200 10280
847240 10280
847280 10280
847320 10280
847360 10280
847400 10280
847440 10280
847480 10280
847520 10280
847560 10280
847600 10280
847640 10279
847680 10279
847720 10279
847760 10279
847800 10279
847840 10280
847880 10280
847920 10279
847960 10279
848000 10279
848040 10279
848080 10279
848120 10279
848160 10279
848200 10279
848240 10280
848280 10280
848320 10279
848360 10280
848400 10280
848440 10279
848480 10280
848520 10280
848560 10280
848600 10279
848640 10279
848680 10279
848720 10279
848760 10279
848800 10279
848840 10279
848880 10279
848920 10279
848960 10279
849000 10279
849040 10278
849080 10278
849120 10278
849160 10278
849200 10278
849240 10278
849280 10278
849320 10279
849360 10279
849400 10279
849440 10279
849480 10280
849520 10280
849560 10280
849600 10280
849640 10279
849680 10279
849720 10279
849760 10279
849800 10279
849840 10279
849880 10278
849920 10278
849960 10278
850000 10278
850040 10278
850080 10278
850120 10279
850160 10279
850200 10278
850240 10278
850280 10278
850320 10278
850360 10279
850400 10279
850440 10279
850480 10279
850520 10279
850560 10278
850600 10278
850640 10278
850680 10279
850720 10279
850760 10278
850800 10278
850840 10278
850880 10277
850920 10277
850960 10277
851000 10277
851040 10278
851080 10278
851120 10278
851160 10278
851200 10278
851240 10278
851280 10278
851320 10278
851360 10278
851400 10277
851440 10277
851480 10278
851520 10278
851560 10278
851600 10278
851640 10278
851680 10279
851720 10278
851760 10278
851800 10278
851840 10278
851880 10278
851920 10278
851960 10277
852000 10277
852040 10277
852080 10278
852120 10278
852160 10279
852200 10279
852240 10279
852280 10279
852320 10279
852360 10279
852400 10278
852440 10278
852480 10278
852520 10278
852560 10278
852600 10278
852640 10278
852680 10278
852720 10278
852760 10278
852800 10277
852840 10277
852880 10277
852920 10277
852960 10277
853000 10277
853040 10276
853080 10277
853120 10277
853160 10277
853200 10277
853240 10277
853280 10277
853320 10277
853360 10277
853400 10277
853440 10277
853480 10277
853520 10277
853560 10277
853600 10277
853640 10277
853680 10277
853720 10277
853760 10277
853800 10278
853840 10278
853880 10278
853920 10277
853960 10277
854000 10278
854040 10278
854080 10277
854120 10278
854160 10278
854200 10278
854240 10277
854280 10276
854320 10277
854360 10277
854400 10277
854440 10277
854480 10276
854520 10276
854560 10276
854600 10276
854640 10276
854680 10276
854720 10276
854760 10277
854800 10276
854840 10277
854880 10277
854920 10276
854960 10276
855000 10276
855040 10276
855080 10277
855120 10277
855160 10277
855200 10277
855240 10277
855280 10276
855320 10277
855360 10277
855400 10276
855440 10276
855480 10277
855520 10277
855560 10276
855600 10276
855640 10276
855680 10276
855720 10276
855760 10276
855800 10276
855840 10276
855880 10276
855920 10276
855960 10277
856000 10277
856040 10277
856080 10277
856120 10277
856160 10277
856200 10277
856240 10277
856280 10277
856320 10277
856360 10276
856400 10276
856440 10275
856480 10275
856520 10275
856560 10276
856600 10276
856640 10276
856680 10276
856720 10276
856760 10276
856800 10276
856840 10276
856880 10276
856920 10276
856960 10275
857000 10276
857040 10276
857080 10277
857120 10277
857160 10276
857200 10276
857240 10276
857280 10275
857320 10275
857360 10275
857400 10275
857440 10275
857480 10275
857520 10275
857560 10275
857600 10275
857640 10275
857680 10275
857720 10275
857760 10275
857800 10276
857840 10276
857880 10276
857920 10276
857960 10276
858000 10276
858040 10276
858080 10276
858120 10275
858160 10275
858200 10276
858240 10275
858280 10276
858320 10276
858360 10275
858400 10275
858440 10275
858480 10275
858520 10275
858560 10275
858600 10275
858640 10275
858680 10275
858720 10275
858760 10275
858800 10274
858840 10275
858880 10275
858920 10275
858960 10275
859000 10275
859040 10275
859080 10275
859120 10275
859160 10275
859200 10276
859240 10275
859280 10275
859320 10276
859360 10275
859400 10275
859440 10276
859480 10276
859520 10275
859560 10275
859600 10275
859640 10275
859680 10275
859720 10275
859760 10275
859800 10275
859840 10275
859880 10275
859920 10275
859960 10275
860000 10275
860040 10275
860080 10275
860120 10275
860160 10274
860200 10274
860240 10274
860280 10275
860320 10275
860360 10275
860400 10275
860440 10275
860480 10275
860520 10274
860560 10274
860600 10274
860640 10274
860680 10274
860720 10273
860760 10273
860800 10273
860840 10273
860880 10274
860920 10274
860960 10274
861000 10274
861040 10274
861080 10275
861120 10275
861160 10275
861200 10275
861240 10274
861280 10274
861320 10274
861360 10274
861400 10274
861440 10275
861480 10275
861520 10275
861560 10275
861600 10275
861640 10275
861680 10274
861720 10274
861760 10274
861800 10274
861840 10274
861880 10274
861920 10274
861960 10274
862000 10274
862040 10274
862080 10274
862120 10274
862160 10274
862200 10274
862240 10273
862280 10273
862320 10273
862360 10273
862400 10274
862440 10273
862480 10273
862520 10274
862560 10273
862600 10274
862640 10274
862680 10274
862720 10274
862760 10274
862800 10275
862840 10275
862880 10274
862920 10274
862960 10274
863000 10274
863040 10273
863080 10273
863120 10273
863160 10273
863200 10273
863240 10273
863280 10274
863320 10273
863360 10273
863400 10273
863440 10273
863480 10273
863520 10273
863560 10274
863600 10273
863640 10273
863680 10274
863720 10274
863760 10274
863800 10274
863840 10274
863880 10274
863920 10274
863960 10274
864000 10273
864040 10273
864080 10273
864120 10273
864160 10273
864200 10273
864240 10273
864280 10272
864320 10272
864360 10273
864400 10272
864440 10272
864480 10273
864520 10273
864560 10273
864600 10274
864640 10274
864680 10274
864720 10274
864760 10274
864800 10273
864840 10272
864880 10272
864920 10272
864960 10272
865000 10273
865040 10273
865080 10273
865120 10272
865160 10272
865200 10272
865240 10272
865280 10272
865320 10273
865360 10273
865400 10274
865440 10273
865480 10273
865520 10273
865560 10273
865600 10273
865640 10272
865680 10272
865720 10272
865760 10273
865800 10272
865840 10273
865880 10273
865920 10272
865960 10272
866000 10272
866040 10272
866080 10272
866120 10272
866160 10272
866200 10272
866240 10272
866280 10272
866320 10272
866360 10272
866400 10272
866440 10272
866480 10272
866520 10272
866560 10272
866600 10272
866640 10271
866680 10272
866720 10272
866760 10271
866800 10272
866840 10273
866880 10273
866920 10273
866960 10273
867000 10274
867040 10273
867080 10273
867120 10273
867160 10273
867200 10273
867240 10272
867280 10272
867320 10272
867360 10271
867400 10272
867440 10272
867480 10272
867520 10272
867560 10272
867600 10272
867640 10272
867680 10271
867720 10271
867760 10272
867800 10272
867840 10272
867880 10271
867920 10272
867960 10272
868000 10272
868040 10272
868080 10271
868120 10271
868160 10271
868200 10272
868240 10272
868280 10272
868320 10272
868360 10271
868400 10271
868440 10271
868480 10272
868520 10272
868560 10271
868600 10272
868640 10271
868680 10271
868720 10271
868760 10272
868800 10272
868840 10272
868880 10272
868920 10272
868960 10272
869000 10271
869040 10271
869080 10271
869120 10271
869160 10271
869200 10271
869240 10271
869280 10271
869320 10271
869360 10271
869400 10271
869440 10271
869480 10271
869520 10270
869560 10271
869600 10271
869640 10271
869680 10271
869720 10271
869760 10271
869800 10271
869840 10271
869880 10271
869920 10271
869960 10271
870000 10271
870040 10271
870080 10271
870120 10271
870160 10271
870200 10271
870240 10271
870280 10270
870320 10270
870360 10270
870400 10270
870440 10271
870480 10271
870520 10271
870560 10271
870600 10271
870640 10271
870680 10271
870720 10271
870760 10271
870800 10271
870840 10272
870880 10272
870920 10271
870960 10271
871000 10271
871040 10271
871080 10271
871120 10271
871160 10271
871200 10271
871240 10271
871280 10272
871320 10272
871360 10271
871400 10271
871440 10271
871480 10271
871520 10271
871560 10271
871600 10270
871640 10270
871680 10270
871720 10269
871760 10269
871800 10269
871840 10270
871880 10269
871920 10269
871960 10270
872000 10270
872040 10270
872080 10269
872120 10270
872160 10270
872200 10270
872240 10270
872280 10270
872320 10270
872360 10270
872400 10270
872440 10270
872480 10270
872520 10270
872560 10270
872600 10270
872640 10270
872680 10270
872720 10270
872760 10269
872800 10269
872840 10270
872880 10270
872920 10270
872960 10270
873000 10270
873040 10269
873080 10270
873120 10270
873160 10270
873200 10270
873240 10270
873280 10270
873320 10270
873360 10270
873400 10270
873440 10270
873480 10270
873520 10270
873560 10270
873600 10270
873640 10270
873680 10270
873720 10270
873760 10270
873800 10270
873840 10271
873880 10270
873920 10270
873960 10270
874000 10270
874040 10269
874080 10269
874120 10269
874160 10269
874200 10269
874240 10269
874280 10270
874320 10269
874360 10270
874400 10269
874440 10270
874480 10269
874520 10269
874560 10269
874600 10269
874640 10269
874680 10269
874720 10269
874760 10269
874800 10269
874840 10269
874880 10269
874920 10269
874960 10269
875000 10269
875040 10269
875080 10268
875120 10268
875160 10269
875200 10269
875240 10269
875280 10269
875320 10269
875360 10269
875400 10269
875440 10269
875480 10269
875520 10269
875560 10269
875600 10269
875640 10269
875680 10269
875720 10269
875760 10269
875800 10269
875840 10268
875880 10269
875920 10269
875960 10269
876000 10269
876040 10269
876080 10269
876120 10269
876160 10269
876200 10269
876240 10269
876280 10269
876320 10269
876360 10269
876400 10269
876440 10268
876480 10268
876520 10268
876560 10268
876600 10268
876640 10268
876680 10268
876720 10269
876760 10268
876800 10268
876840 10268
876880 10268
876920 10268
876960 10268
877000 10268
877040 10269
877080 10269
877120 10269
877160 10269
877200 10268
877240 10268
877280 10268
877320 10268
877360 10268
877400 10268
877440 10268
877480 10268
877520 10268
877560 10268
877600 10268
877640 10268
877680 10268
877720 10268
877760 10268
877800 10268
877840 10268
877880 10269
877920 10269
877960 10269
878000 10269
878040 10269
878080 10268
878120 10268
878160 10268
878200 10268
878240 10268
878280 10268
878320 10269
878360 10268
878400 10268
878440 10268
878480 10268
878520 10267
878560 10268
878600 10268
878640 10268
878680 10267
878720 10267
878760 10267
878800 10267
878840 10267
878880 10267
878920 10267
878960 10267
879000 10268
879040 10268
879080 10268
879120 10267
879160 10267
879200 10268
879240 10268
879280 10268
879320 10268
879360 10268
879400 10268
879440 10268
879480 10268
879520 10267
879560 10268
879600 10268
879640 10268
879680 10268
879720 10268
879760 10268
879800 10268
879840 10268
879880 10268
879920 10268
879960 10267
880000 10267
880040 10267
880080 10267
880120 10267
880160 10267
880200 10268
880240 10267
880280 10267
880320 10267
880360 10267
880400 10267
880440 10267
880480 10267
880520 10267
880560 10267
880600 10267
880640 10267
880680 10267
880720 10267
880760 10267
880800 10267
880840 10266
880880 10266
880920 10266
880960 10266
881000 10266
881040 10266
881080 10266
881120 10266
881160 10267
881200 10267
881240 10267
881280 10267
881320 10267
881360 10267
881400 10268
881440 10267
881480 10267
881520 10267
881560 10268
881600 10267
881640 10267
881680 10267
881720 10267
881760 10267
881800 10267
881840 10267
881880 10267
881920 10267
881960 10266
882000 10267
882040 10267
882080 10266
882120 10266
882160 10267
882200 10266
882240 10265
882280 10265
882320 10266
882360 10267
882400 10266
882440 10266
882480 10267
882520 10266
882560 10266
882600 10267
882640 10267
882680 10266
882720 10266
882760 10266
882800 10267
882840 10266
882880 10266
882920 10266
882960 10266
883000 10266
883040 10266
883080 10267
883120 10267
883160 10267
883200 10267
883240 10267
883280 10267
883320 10266
883360 10266
883400 10266
883440 10266
883480 10266
883520 10266
883560 10266
883600 10266
883640 10265
883680 10266
883720 10266
883760 10267
883800 10267
883840 10266
883880 10266
883920 10266
883960 10267
884000 10266
884040 10266
884080 10266
884120 10266
884160 10266
884200 10265
884240 10265
884280 10265
884320 10265
884360 10265
884400 10265
884440 10266
884480 10265
884520 10266
884560 10266
884600 10266
884640 10266
884680 10266
884720 10266
884760 10266
884800 10266
884840 10266
884880 10266
884920 10265
884960 10265
885000 10265
885040 10266
885080 10266
885120 10266
885160 10266
885200 10266
885240 10266
885280 10266
885320 10265
885360 10265
885400 10265
885440 10265
885480 10265
885520 10266
885560 10266
885600 10265
885640 10265
885680 10265
885720 10265
885760 10265
885800 10265
885840 10265
885880 10265
885920 10265
885960 10265
886000 10265
886040 10265
886080 10265
886120 10265
886160 10265
886200 10265
886240 10265
886280 10265
886320 10265
886360 10265
886400 10265
886440 10265
886480 10265
886520 10265
886560 10265
886600 10264
886640 10265
886680 10264
886720 10265
886760 10265
886800 10265
886840 10265
886880 10265
886920 10265
886960 10265
887000 10265
887040 10265
887080 10265
887120 10265
887160 10265
887200 10265
887240 10265
887280 10265
887320 10265
887360 10265
887400 10265
887440 10265
887480 10265
887520 10264
887560 10264
887600 10264
887640 10265
887680 10264
887720 10265
887760 10265
887800 10265
887840 10265
887880 10265
887920 10265
887960 10265
888000 10265
888040 10264
888080 10264
888120 10265
888160 10265
888200 10265
888240 10265
888280 10265
888320 10264
888360 10264
888400 10264
888440 10265
888480 10265
888520 10265
888560 10264
888600 10264
888640 10265
888680 10265
888720 10265
888760 10265
888800 10265
888840 10264
888880 10264
888920 10264
888960 10264
889000 10264
889040 10264
889080 10264
889120 10264
889160 10264
889200 10264
889240 10265
889280 10264
889320 10264
889360 10263
889400 10264
889440 10264
889480 10263
889520 10263
889560 10264
889600 10264
889640 10264
889680 10264
889720 10264
889760 10264
889800 10264
889840 10264
889880 10264
889920 10263
889960 10264
890000 10264
890040 10264
890080 10264
890120 10263
890160 10263
890200 10263
890240 10263
890280 10262
890320 10263
890360 10263
890400 10263
890440 10263
890480 10263
890520 10264
890560 10263
890600 10263
890640 10264
890680 10264
890720 10263
890760 10263
890800 10263
890840 10263
890880 10263
890920 10262
890960 10263
891000 10263
891040 10264
891080 10264
891120 10264
891160 10263
891200 10264
891240 10264
891280 10264
891320 10264
891360 10264
891400 10264
891440 10265
891480 10264
891520 10264
891560 10264
891600 10264
891640 10263
891680 10263
891720 10263
891760 10263
891800 10263
891840 10263
891880 10263
891920 10262
891960 10263
892000 10263
892040 10263
892080 10263
892120 10263
892160 10263
892200 10263
892240 10263
892280 10262
892320 10262
892360 10262
892400 10262
892440 10262
892480 10263
892520 10263
892560 10264
892600 10263
892640 10263
892680 10263
892720 10263
892760 10263
892800 10263
892840 10263
892880 10263
892920 10262
892960 10263
893000 10263
893040 10263
893080 10263
893120 10263
893160 10263
893200 10263
893240 10262
893280 10263
893320 10263
893360 10263
893400 10262
893440 10262
893480 10262
893520 10263
893560 10263
893600 10263
893640 10263
893680 10263
893720 10262
893760 10262
893800 10262
893840 10262
893880 10262
893920 10262
893960 10262
894000 10262
894040 10262
894080 10262
894120 10262
894160 10262
894200 10262
894240 10262
894280 10262
894320 10263
894360 10263
894400 10263
894440 10263
894480 10262
894520 10263
894560 10263
894600 10263
894640 10262
894680 10262
894720 10263
894760 10263
894800 10262
894840 10263
894880 10262
894920 10262
894960 10262
895000 10262
895040 10261
895080 10262
895120 10262
895160 10262
895200 10262
895240 10262
895280 10262
895320 10262
895360 10262
895400 10262
895440 10262
895480 10262
895520 10262
895560 10262
895600 10262
895640 10262
895680 10262
895720 10262
895760 10262
895800 10262
895840 10262
895880 10261
895920 10261
895960 10262
896000 10262
896040 10262
896080 10262
896120 10262
896160 10261
896200 10261
896240 10261
896280 10261
896320 10261
896360 10261
896400 10261
896440 10261
896480 10261
896520 10261
896560 10260
896600 10260
896640 10260
896680 10261
896720 10261
896760 10261
896800 10261
896840 10262
896880 10262
896920 10262
896960 10263
897000 10263
897040 10263
897080 10263
897120 10262
897160 10262
897200 10262
897240 10261
897280 10261
897320 10261
897360 10261
897400 10260
897440 10261
897480 10261
897520 10261
897560 10261
897600 10261
897640 10261
897680 10261
897720 10261
897760 10261
897800 10261
897840 10261
897880 10261
897920 10261
897960 10261
898000 10261
898040 10261
898080 10261
898120 10261
898160 10260
898200 10261
898240 10260
898280 10260
898320 10261
898360 10260
898400 10261
898440 10261
898480 10261
898520 10261
898560 10261
898600 10261
898640 10262
898680 10262
898720 10262
898760 10261
898800 10261
898840 10261
898880 10261
898920 10261
898960 10261
899000 10260
899040 10260
899080 10260
899120 10260
899160 10260
899200 10260
899240 10261
899280 10260
899320 10260
899360 10260
899400 10260
899440 10260
899480 10261
899520 10260
899560 10260
899600 10260
899640 10260
899680 10260
899720 10260
899760 10260
899800 10260
899840 10260
899880 10260
899920 10260
899960 10260
900000 10260
900040 10260
900080 10261
900120 10261
900160 10261
900200 10261
900240 10261
900280 10260
900320 10260
900360 10261
900400 10261
900440 10261
900480 10261
900520 10260
900560 10261
900600 10261
900640 10261
900680 10261
900720 10261
900760 10261
900800 10260
900840 10260
900880 10260
900920 10260
900960 10260
901000 10261
901040 10261
901080 10261
901120 10261
901160 10261
901200 10261
901240 10260
901280 10260
901320 10260
901360 10260
901400 10260
901440 10260
901480 10260
901520 10260
901560 10259
901600 10259
901640 10259
901680 10259
901720 10259
901760 10259
901800 10259
901840 10259
901880 10259
901920 10259
901960 10259
902000 10259
902040 10259
902080 10260
902120 10259
902160 10259
902200 10259
902240 10259
902280 10259
902320 10259
902360 10260
902400 10260
902440 10260
902480 10260
902520 10260
902560 10259
902600 10259
902640 10259
902680 10259
902720 10260
902760 10260
902800 10260
902840 10260
902880 10260
902920 10260
902960 10259
903000 10259
903040 10260
903080 10260
903120 10260
903160 10260
903200 10260
903240 10260
903280 10260
903320 10260
903360 10259
903400 10259
903440 10259
903480 10259
903520 10259
903560 10259
903600 10259
903640 10259
903680 10259
903720 10259
903760 10259
903800 10259
903840 10259
903880 10259
903920 10258
903960 10258
904000 10258
904040 10258
904080 10258
904120 10259
904160 10259
904200 10259
904240 10260
904280 10259
904320 10260
904360 10260
904400 10259
904440 10259
904480 10260
904520 10260
904560 10259
904600 10259
904640 10259
904680 10259
904720 10259
904760 10259
904800 10259
904840 10258
904880 10258
904920 10258
904960 10258
905000 10258
905040 10258
905080 10258
905120 10259
905160 10258
905200 10258
905240 10258
905280 10258
905320 10259
905360 10259
905400 10259
905440 10259
905480 10259
905520 10258
905560 10258
905600 10258
905640 10258
905680 10259
905720 10259
905760 10259
905800 10259
905840 10258
905880 10259
905920 10259
905960 10258
906000 10258
906040 10258
906080 10258
906120 10259
906160 10259
906200 10259
906240 10258
906280 10258
906320 10258
906360 10258
906400 10258
906440 10258
906480 10257
906520 10258
906560 10258
906600 10258
906640 10258
906680 10258
906720 10258
906760 10258
906800 10258
906840 10258
906880 10258
906920 10259
906960 10259
907000 10259
907040 10259
907080 10259
907120 10259
907160 10259
907200 10258
907240 10258
907280 10258
907320 10258
907360 10257
907400 10257
907440 10257
907480 10257
907520 10257
907560 10257
907600 10257
907640 10257
907680 10257
907720 10257
907760 10257
907800 10258
907840 10257
907880 10258
907920 10258
907960 10258
908000 10258
908040 10258
908080 10258
908120 10258
908160 10258
908200 10258
908240 10257
908280 10257
908320 10257
908360 10257
908400 10257
908440 10257
908480 10257
908520 10257
908560 10257
908600 10257
908640 10258
908680 10257
908720 10257
908760 10257
908800 10257
908840 10258
908880 10258
908920 10257
908960 10258
909000 10258
909040 10258
909080 10257
909120 10257
909160 10257
909200 10257
909240 10257
909280 10257
909320 10257
909360 10257
909400 10257
909440 10258
909480 10258
909520 10258
909560 10257
909600 10257
909640 10256
909680 10257
909720 10257
909760 10257
909800 10256
909840 10257
909880 10256
909920 10257
909960 10257
910000 10257
910040 10257
910080 10257
910120 10258
910160 10257
910200 10258
910240 10258
910280 10258
910320 10258
910360 10258
910400 10258
910440 10258
910480 10257
910520 10257
910560 10256
910600 10256
910640 10257
910680 10256
910720 10257
910760 10257
910800 10256
910840 10256
910880 10257
910920 10256
910960 10256
911000 10256
911040 10257
911080 10256
911120 10256
911160 10256
911200 10257
911240 10257
911280 10257
911320 10256
911360 10257
911400 10256
911440 10257
911480 10257
911520 10256
911560 10256
911600 10256
911640 10256
911680 10256
911720 10256
911760 10256
911800 10256
911840 10256
911880 10256
911920 10256
911960 10256
912000 10256
912040 10256
912080 10256
912120 10256
912160 10256
912200 10256
912240 10257
912280 10257
912320 10257
912360 10257
912400 10257
912440 10257
912480 10256
912520 10256
912560 10256
912600 10256
912640 10256
912680 10256
912720 10256
912760 10256
912800 10256
912840 10256
912880 10255
912920 10256
912960 10256
913000 10257
913040 10256
913080 10256
913120 10256
913160 10256
913200 10256
913240 10256
913280 10256
913320 10256
913360 10256
913400 10256
913440 10256
913480 10256
913520 10256
913560 10256
913600 10256
913640 10256
913680 10256
913720 10256
913760 10255
913800 10255
913840 10255
913880 10255
913920 10255
913960 10255
914000 10255
914040 10256
914080 10256
914120 10256
914160 10255
914200 10255
914240 10255
914280 10255
914320 10255
914360 10255
914400 10255
914440 10254
914480 10255
914520 10255
914560 10256
914600 10255
914640 10256
914680 10256
914720 10256
914760 10256
914800 10256
914840 10256
914880 10256
914920 10255
914960 10255
915000 10255
915040 10255
915080 10255
915120 10255
915160 10255
915200 10255
915240 10255
915280 10256
915320 10256
915360 10256
915400 10256
915440 10256
915480 10255
915520 10255
915560 10255
915600 10255
915640 10255
915680 10255
915720 10255
915760 10255
915800 10254
915840 10254
915880 10255
915920 10255
915960 10255
916000 10255
916040 10255
916080 10255
916120 10254
916160 10254
916200 10254
916240 10255
916280 10254
916320 10255
916360 10255
916400 10255
916440 10255
916480 10255
916520 10255
916560 10255
916600 10255
916640 10255
916680 10255
916720 10255
916760 10255
916800 10255
916840 10255
916880 10255
916920 10255
916960 10255
917000 10255
917040 10255
917080 10255
917120 10255
917160 10254
917200 10254
917240 10254
917280 10254
917320 10254
917360 10255
917400 10254
917440 10254
917480 10254
917520 10254
917560 10254
917600 10254
917640 10254
917680 10254
917720 10254
917760 10254
917800 10254
917840 10254
917880 10254
917920 10254
917960 10254
918000 10254
918040 10254
918080 10254
918120 10254
918160 10254
918200 10254
918240 10254
918280 10254
918320 10254
918360 10254
918400 10254
918440 10254
918480 10254
918520 10254
918560 10254
918600 10254
918640 10254
918680 10253
918720 10254
918760 10253
918800 10253
918840 10253
918880 10254
918920 10254
918960 10254
919000 10255
919040 10255
919080 10255
919120 10255
919160 10254
919200 10254
919240 10254
919280 10253
919320 10254
919360 10254
919400 10254
919440 10255
919480 10254
919520 10254
919560 10253
919600 10254
919640 10253
919680 10253
919720 10253
919760 10253
919800 10254
919840 10254
919880 10254
919920 10254
919960 10253
920000 10253
920040 10253
920080 10253
920120 10253
920160 10253
920200 10253
920240 10252
920280 10253
920320 10253
920360 10253
920400 10254
920440 10253
920480 10253
920520 10254
920560 10253
920600 10253
920640 10253
920680 10254
920720 10253
920760 10254
920800 10254
920840 10254
920880 10253
920920 10253
920960 10254
921000 10253
921040 10253
921080 10253
921120 10253
921160 10253
921200 10253
921240 10253
921280 10254
921320 10254
921360 10253
921400 10253
921440 10253
921480 10253
921520 10254
921560 10254
921600 10254
921640 10253
921680 10253
921720 10252
921760 10253
921800 10253
921840 10252
921880 10253
921920 10252
921960 10252
922000 10252
922040 10253
922080 10253
922120 10252
922160 10253
922200 10253
922240 10253
922280 10253
922320 10253
922360 10252
922400 10252
922440 10252
922480 10252
922520 10252
922560 10252
922600 10252
922640 10252
922680 10253
922720 10253
922760 10253
922800 10253
922840 10254
922880 10253
922920 10253
922960 10253
923000 10253
923040 10253
923080 10253
923120 10252
923160 10253
923200 10253
923240 10253
923280 10252
923320 10252
923360 10252
923400 10252
923440 10252
923480 10252
923520 10252
923560 10252
923600 10253
923640 10252
923680 10252
923720 10252
923760 10253
923800 10252
923840 10253
923880 10253
923920 10253
923960 10252
924000 10252
924040 10252
924080 10252
924120 10252
924160 10252
924200 10252
924240 10252
924280 10252
924320 10252
924360 10251
924400 10252
924440 10252
924480 10251
924520 10251
924560 10251
924600 10251
924640 10252
924680 10252
924720 10252
924760 10252
924800 10252
924840 10252
924880 10252
924920 10252
924960 10252
925000 10252
925040 10253
925080 10252
925120 10252
925160 10252
925200 10252
925240 10252
925280 10252
925320 10251
925360 10251
925400 10252
925440 10251
925480 10251
925520 10251
925560 10252
925600 10252
925640 10251
925680 10251
925720 10251
925760 10251
925800 10251
925840 10252
925880 10252
925920 10251
925960 10251
926000 10251
926040 10251
926080 10251
926120 10251
926160 10251
926200 10252
926240 10251
926280 10252
926320 10252
926360 10252
926400 10252
926440 10252
926480 10252
926520 10252
926560 10252
926600 10252
926640 10252
926680 10252
926720 10252
926760 10252
926800 10252
926840 10251
926880 10251
926920 10251
926960 10251
927000 10251
927040 10251
927080 10251
927120 10251
927160 10251
927200 10251
927240 10252
927280 10252
927320 10251
927360 10251
927400 10250
927440 10250
927480 10250
927520 10250
927560 10250
927600 10251
927640 10251
927680 10251
927720 10251
927760 10252
927800 10251
927840 10251
927880 10251
927920 10251
927960 10251
928000 10251
928040 10251
928080 10251
928120 10251
928160 10251
928200 10251
928240 10250
928280 10250
928320 10250
928360 10250
928400 10250
928440 10251
928480 10250
928520 10250
928560 10250
928600 10251
928640 10251
928680 10251
928720 10251
928760 10251
928800 10251
928840 10251
928880 10251
928920 10251
928960 10251
929000 10250
929040 10250
929080 10250
929120 10250
929160 10250
929200 10250
929240 10249
929280 10250
929320 10250
929360 10250
929400 10250
929440 10250
929480 10250
929520 10250
929560 10251
929600 10251
929640 10250
929680 10250
929720 10250
929760 10250
929800 10251
929840 10251
929880 10250
929920 10250
929960 10250
930000 10250
930040 10250
930080 10250
930120 10250
930160 10250
930200 10250
930240 10250
930280 10250
930320 10250
930360 10250
930400 10250
930440 10250
930480 10249
930520 10250
930560 10249
930600 10250
930640 10250
930680 10250
930720 10250
930760 10250
930800 10250
930840 10250
930880 10250
930920 10249
930960 10249
931000 10249
931040 10249
931080 10249
931120 10250
931160 10250
931200 10250
931240 10250
931280 10250
931320 10250
931360 10250
931400 10250
931440 10250
931480 10250
931520 10250
931560 10250
931600 10250
931640 10250
931680 10250
931720 10249
931760 10249
931800 10249
931840 10249
931880 10249
931920 10249
931960 10250
932000 10250
932040 10250
932080 10250
932120 10250
932160 10250
932200 10250
932240 10250
932280 10250
932320 10250
932360 10250
932400 10249
932440 10249
932480 10249
932520 10249
932560 10249
932600 10248
932640 10248
932680 10249
932720 10249
932760 10249
932800 10249
932840 10249
932880 10249
932920 10249
932960 10249
933000 10249
933040 10249
933080 10249
933120 10249
933160 10249
933200 10249
933240 10248
933280 10248
933320 10248
933360 10248
933400 10249
933440 10248
933480 10248
933520 10249
933560 10249
933600 10248
933640 10248
933680 10248
933720 10248
933760 10249
933800 10248
933840 10248
933880 10248
933920 10249
933960 10249
934000 10249
934040 10249
934080 10249
934120 10249
934160 10249
934200 10249
934240 10249
934280 10249
934320 10249
934360 10249
934400 10249
934440 10249
934480 10249
934520 10249
934560 10249
934600 10249
934640 10249
934680 10249
934720 10248
934760 10248
934800 10248
934840 10248
934880 10248
934920 10248
934960 10248
935000 10248
935040 10248
935080 10248
935120 10248
935160 10248
935200 10248
935240 10248
935280 10248
935320 10248
935360 10248
935400 10248
935440 10248
935480 10248
935520 10247
935560 10247
935600 10247
935640 10248
935680 10248
935720 10248
935760 10248
935800 10248
935840 10249
935880 10249
935920 10248
935960 10248
936000 10248
936040 10248
936080 10248
936120 10248
936160 10248
936200 10248
936240 10248
936280 10248
936320 10247
936360 10248
936400 10248
936440 10248
936480 10248
936520 10247
936560 10247
936600 10247
936640 10247
936680 10247
936720 10248
936760 10248
936800 10248
936840 10248
936880 10248
936920 10247
936960 10248
937000 10248
937040 10248
937080 10248
937120 10248
937160 10248
937200 10248
937240 10248
937280 10247
937320 10248
937360 10248
937400 10248
937440 10248
937480 10248
937520 10248
937560 10247
937600 10248
937640 10248
937680 10248
937720 10247
937760 10248
937800 10247
937840 10247
937880 10247
937920 10247
937960 10247
938000 10247
938040 10247
938080 10248
938120 10247
938160 10247
938200 10247
938240 10247
938280 10247
938320 10247
938360 10247
938400 10247
938440 10247
938480 10247
938520 10247
938560 10247
938600 10247
938640 10247
938680 10247
938720 10247
938760 10247
938800 10247
938840 10247
938880 10247
938920 10248
938960 10248
939000 10248
939040 10247
939080 10247
939120 10247
939160 10247
939200 10247
939240 10246
939280 10246
939320 10246
939360 10246
939400 10246
939440 10247
939480 10247
939520 10247
939560 10247
939600 10247
939640 10247
939680 10246
939720 10246
939760 10247
939800 10246
939840 10246
939880 10247
939920 10247
939960 10247
940000 10246
940040 10247
940080 10247
940120 10247
940160 10246
940200 10246
940240 10246
940280 10246
940320 10246
940360 10247
940400 10247
940440 10246
940480 10247
940520 10246
940560 10247
940600 10247
940640 10246
940680 10246
940720 10246
940760 10246
940800 10246
940840 10246
940880 10246
940920 10246
940960 10246
941000 10246
941040 10246
941080 10245
941120 10246
941160 10246
941200 10246
941240 10246
941280 10246
941320 10247
941360 10246
941400 10246
941440 10246
941480 10246
941520 10246
941560 10246
941600 10246
941640 10247
941680 10246
941720 10247
941760 10246
941800 10246
941840 10246
941880 10246
941920 10246
941960 10245
942000 10245
942040 10246
942080 10246
942120 10246
942160 10246
942200 10246
942240 10246
942280 10246
942320 10246
942360 10246
942400 10246
942440 10246
942480 10246
942520 10246
942560 10246
942600 10246
942640 10246
942680 10245
942720 10246
942760 10246
942800 10245
942840 10245
942880 10245
942920 10245
942960 10245
943000 10245
943040 10245
943080 10245
943120 10245
943160 10245
943200 10245
943240 10245
943280 10245
943320 10245
943360 10245
943400 10246
943440 10246
943480 10246
943520 10246
943560 10246
943600 10245
943640 10245
943680 10245
943720 10245
943760 10245
943800 10245
943840 10244
943880 10245
943920 10245
943960 10244
944000 10245
944040 10245
944080 10245
944120 10246
944160 10246
944200 10246
944240 10246
944280 10245
944320 10245
944360 10246
944400 10245
944440 10246
944480 10245
944520 10245
944560 10245
944600 10245
944640 10245
944680 10245
944720 10245
944760 10246
944800 10245
944840 10246
944880 10246
944920 10246
944960 10245
945000 10245
945040 10245
945080 10245
945120 10245
945160 10244
945200 10244
945240 10244
945280 10244
945320 10244
945360 10244
945400 10244
945440 10244
945480 10245
945520 10244
945560 10245
945600 10244
945640 10244
945680 10244
945720 10244
945760 10244
945800 10244
945840 10244
945880 10245
945920 10245
945960 10245
946000 10245
946040 10245
946080 10245
946120 10246
946160 10245
946200 10245
946240 10245
946280 10245
946320 10245
946360 10244
946400 10244
946440 10245
946480 10244
946520 10244
946560 10244
946600 10244
946640 10244
946680 10244
946720 10244
946760 10244
946800 10243
946840 10243
946880 10244
946920 10243
946960 10244
947000 10244
947040 10244
947080 10244
947120 10244
947160 10243
947200 10243
947240 10243
947280 10243
947320 10244
947360 10244
947400 10244
947440 10245
947480 10244
947520 10244
947560 10244
947600 10244
947640 10244
947680 10244
947720 10244
947760 10243
947800 10243
947840 10244
947880 10244
947920 10244
947960 10244
948000 10243
948040 10243
948080 10243
948120 10243
948160 10243
948200 10243
948240 10244
948280 10244
948320 10244
948360 10245
948400 10245
948440 10244
948480 10244
948520 10244
948560 10243
948600 10243
948640 10243
948680 10243
948720 10243
948760 10244
948800 10244
948840 10244
948880 10243
948920 10244
948960 10243
949000 10243
949040 10244
949080 10244
949120 10243
949160 10243
949200 10243
949240 10243
949280 10243
949320 10243
949360 10243
949400 10243
949440 10243
949480 10243
949520 10243
949560 10243
949600 10243
949640 10244
949680 10243
949720 10244
949760 10244
949800 10244
949840 10244
949880 10244
949920 10244
949960 10244
950000 10243
950040 10243
950080 10243
950120 10243
950160 10243
950200 10243
950240 10243
950280 10243
950320 10243
950360 10244
950400 10243
950440 10243
950480 10243
950520 10243
950560 10243
950600 10243
950640 10244
950680 10243
950720 10243
950760 10243
950800 10242
950840 10243
950880 10243
950920 10243
950960 10242
951000 10242
951040 10242
951080 10242
951120 10242
951160 10242
951200 10242
951240 10242
951280 10242
951320 10242
951360 10242
951400 10242
951440 10242
951480 10242
951520 10243
951560 10243
951600 10243
951640 10243
951680 10242
951720 10242
951760 10243
951800 10243
951840 10243
951880 10243
951920 10243
951960 10242
952000 10243
952040 10243
952080 10243
952120 10242
952160 10242
952200 10242
952240 10242
952280 10242
952320 10242
952360 10242
952400 10242
952440 10242
952480 10242
952520 10242
952560 10242
952600 10243
952640 10243
952680 10242
952720 10242
952760 10242
952800 10243
952840 10243
952880 10243
952920 10243
952960 10243
953000 10242
953040 10242
953080 10242
953120 10242
953160 10242
953200 10242
953240 10242
953280 10243
953320 10243
953360 10242
953400 10242
953440 10241
953480 10242
953520 10242
953560 10242
953600 10242
953640 10242
953680 10242
953720 10241
953760 10241
953800 10242
953840 10242
953880 10242
953920 10242
953960 10242
954000 10242
954040 10242
954080 10242
954120 10242
954160 10242
954200 10242
954240 10242
954280 10242
954320 10242
954360 10241
954400 10241
954440 10242
954480 10242
954520 10242
954560 10242
954600 10242
954640 10241
954680 10241
954720 10241
954760 10241
954800 10241
954840 10241
954880 10241
954920 10240
954960 10241
955000 10240
955040 10241
955080 10241
955120 10241
955160 10241
955200 10241
955240 10242
955280 10242
955320 10242
955360 10242
955400 10243
955440 10242
955480 10242
955520 10242
955560 10242
955600 10242
955640 10242
955680 10242
955720 10241
955760 10241
955800 10242
955840 10242
955880 10241
955920 10241
955960 10241
956000 10241
956040 10241
956080 10241
956120 10241
956160 10240
956200 10240
956240 10240
956280 10240
956320 10241
956360 10240
956400 10240
956440 10239
956480 10240
956520 10240
956560 10240
956600 10240
956640 10240
956680 10241
956720 10240
956760 10240
956800 10240
956840 10240
956880 10241
956920 10241
956960 10241
957000 10242
957040 10242
957080 10242
957120 10242
957160 10241
957200 10241
957240 10241
957280 10241
957320 10241
957360 10241
957400 10241
957440 10241
957480 10241
957520 10241
957560 10241
957600 10241
957640 10241
957680 10240
957720 10240
957760 10241
957800 10241
957840 10241
957880 10241
957920 10241
957960 10241
958000 10241
958040 10240
958080 10240
958120 10240
958160 10240
958200 10240
958240 10240
958280 10240
958320 10239
958360 10240
958400 10240
958440 10240
958480 10241
958520 10241
958560 10240
958600 10240
958640 10240
958680 10240
958720 10240
958760 10239
958800 10240
958840 10239
958880 10240
958920 10240
958960 10240
959000 10240
959040 10240
959080 10241
959120 10240
959160 10240
959200 10240
959240 10239
959280 10239
959320 10239
959360 10239
959400 10239
959440 10239
959480 10240
959520 10240
959560 10240
959600 10240
959640 10240
959680 10240
959720 10240
959760 10240
959800 10240
959840 10240
959880 10240
959920 10240
959960 10240
960000 10240
960040 10240
960080 10240
960120 10240
960160 10240
960200 10241
960240 10240
960280 10240
960320 10239
960360 10239
960400 10239
960440 10239
960480 10240
960520 10239
960560 10239
960600 10240
960640 10240
960680 10240
960720 10240
960760 10240
960800 10240
960840 10240
960880 10240
960920 10240
960960 10239
961000 10239
961040 10239
961080 10239
961120 10240
961160 10239
961200 10239
961240 10239
961280 10239
961320 10239
961360 10239
961400 10239
961440 10239
961480 10239
961520 10239
961560 10239
961600 10239
961640 10239
961680 10239
961720 10240
961760 10239
961800 10239
961840 10239
961880 10239
961920 10239
961960 10239
962000 10239
962040 10239
962080 10239
962120 10239
962160 10238
962200 10239
962240 10238
962280 10238
962320 10238
962360 10239
962400 10239
962440 10239
962480 10239
962520 10239
962560 10239
962600 10239
962640 10239
962680 10239
962720 10239
962760 10239
962800 10239
962840 10239
962880 10239
962920 10239
962960 10239
963000 10239
963040 10239
963080 10239
963120 10239
963160 10239
963200 10239
963240 10239
963280 10239
963320 10240
963360 10239
963400 10239
963440 10239
963480 10240
963520 10240
963560 10240
963600 10240
963640 10240
963680 10239
963720 10239
963760 10239
963800 10238
963840 10239
963880 10239
963920 10239
963960 10239
964000 10238
964040 10238
964080 10238
964120 10237
964160 10237
964200 10237
964240 10237
964280 10237
964320 10238
964360 10238
964400 10238
964440 10238
964480 10238
964520 10238
964560 10238
964600 10238
964640 10238
964680 10238
964720 10238
964760 10239
964800 10239
964840 10238
964880 10239
964920 10238
964960 10238
965000 10238
965040 10238
965080 10238
965120 10238
965160 10238
965200 10238
965240 10238
965280 10238
965320 10238
965360 10238
965400 10237
965440 10238
965480 10238
965520 10239
965560 10239
965600 10239
965640 10238
965680 10238
965720 10239
965760 10238
965800 10238
965840 10238
965880 10238
965920 10238
965960 10238
966000 10238
966040 10238
966080 10238
966120 10238
966160 10238
966200 10237
966240 10237
966280 10237
966320 10237
966360 10237
966400 10237
966440 10237
966480 10238
966520 10238
966560 10238
966600 10237
966640 10237
966680 10237
966720 10238
966760 10238
966800 10238
966840 10238
966880 10237
966920 10237
966960 10238
967000 10238
967040 10238
967080 10237
967120 10237
967160 10237
967200 10237
967240 10238
967280 10237
967320 10237
967360 10237
967400 10237
967440 10237
967480 10237
967520 10237
967560 10237
967600 10237
967640 10237
967680 10238
967720 10238
967760 10238
967800 10238
967840 10238
967880 10238
967920 10238
967960 10237
968000 10237
968040 10237
968080 10237
968120 10236
968160 10236
968200 10237
968240 10237
968280 10237
968320 10237
968360 10238
968400 10238
968440 10238
968480 10238
968520 10237
968560 10237
968600 10236
968640 10236
968680 10237
968720 10237
968760 10237
968800 10237
968840 10236
968880 10236
968920 10237
968960 10236
969000 10237
969040 10237
969080 10237
969120 10236
969160 10236
969200 10237
969240 10237
969280 10237
969320 10237
969360 10237
969400 10236
969440 10237
969480 10237
969520 10237
969560 10237
969600 10237
969640 10237
969680 10237
969720 10237
969760 10237
969800 10236
969840 10237
969880 10237
969920 10237
969960 10236
970000 10237
970040 10237
970080 10236
970120 10237
970160 10237
970200 10237
970240 10237
970280 10237
970320 10237
970360 10236
970400 10237
970440 10237
970480 10237
970520 10237
970560 10237
970600 10236
970640 10236
970680 10236
970720 10237
970760 10237
970800 10236
970840 10236
970880 10236
970920 10236
970960 10236
971000 10236
971040 10236
971080 10236
971120 10236
971160 10237
971200 10236
971240 10236
971280 10236
971320 10236
971360 10236
971400 10236
971440 10236
971480 10236
971520 10236
971560 10236
971600 10236
971640 10235
971680 10235
971720 10235
971760 10235
971800 10235
971840 10235
971880 10236
971920 10236
971960 10236
972000 10236
972040 10236
972080 10237
972120 10237
972160 10237
972200 10236
972240 10236
972280 10236
972320 10236
972360 10236
972400 10236
972440 10236
972480 10236
972520 10236
972560 10236
972600 10236
972640 10236
972680 10236
972720 10236
972760 10236
972800 10236
972840 10235
972880 10236
972920 10236
972960 10236
973000 10236
973040 10236
973080 10236
973120 10236
973160 10236
973200 10235
973240 10235
973280 10236
973320 10236
973360 10236
973400 10235
973440 10235
973480 10235
973520 10235
973560 10235
973600 10235
973640 10235
973680 10235
973720 10235
973760 10236
973800 10235
973840 10235
973880 10235
973920 10236
973960 10236
974000 10236
974040 10236
974080 10236
974120 10236
974160 10235
974200 10236
974240 10236
974280 10236
974320 10236
974360 10235
974400 10235
974440 10235
974480 10235
974520 10235
974560 10235
974600 10235
974640 10235
974680 10234
974720 10235
974760 10235
974800 10235
974840 10236
974880 10236
974920 10236
974960 10235
975000 10235
975040 10234
975080 10234
975120 10235
975160 10235
975200 10235
975240 10235
975280 10235
975320 10235
975360 10235
975400 10235
975440 10234
975480 10234
975520 10235
975560 10235
975600 10235
975640 10235
975680 10235
975720 10235
975760 10235
975800 10235
975840 10235
975880 10235
975920 10235
975960 10235
976000 10235
976040 10235
976080 10235
976120 10235
976160 10235
976200 10235
976240 10235
976280 10235
976320 10234
976360 10235
976400 10235
976440 10235
976480 10235
976520 10235
976560 10235
976600 10235
976640 10235
976680 10235
976720 10235
976760 10235
976800 10236
976840 10235
976880 10235
976920 10235
976960 10235
977000 10235
977040 10235
977080 10235
977120 10234
977160 10234
977200 10234
977240 10234
977280 10234
977320 10234
977360 10234
977400 10234
977440 10234
977480 10234
977520 10234
977560 10234
977600 10234
977640 10233
977680 10233
977720 10233
977760 10233
977800 10234
977840 10234
977880 10234
977920 10234
977960 10234
978000 10234
978040 10234
978080 10234
978120 10234
978160 10234
978200 10234
978240 10234
978280 10234
978320 10234
978360 10234
978400 10234
978440 10234
978480 10234
978520 10234
978560 10234
978600 10234
978640 10234
978680 10234
978720 10234
978760 10234
978800 10234
978840 10234
978880 10234
978920 10234
978960 10234
979000 10233
979040 10233
979080 10233
979120 10233
979160 10234
979200 10234
979240 10234
979280 10234
979320 10234
979360 10234
979400 10235
979440 10235
979480 10234
979520 10234
979560 10235
979600 10234
979640 10234
979680 10234
979720 10234
979760 10234
979800 10234
979840 10234
979880 10233
979920 10233
979960 10233
980000 10233
980040 10233
980080 10233
980120 10233
980160 10233
980200 10234
980240 10233
980280 10234
980320 10233
980360 10232
980400 10233
980440 10233
980480 10233
980520 10233
980560 10233
980600 10233
980640 10233
980680 10233
980720 10233
980760 10232
980800 10233
980840 10232
980880 10232
980920 10233
980960 10233
981000 10232
981040 10233
981080 10233
981120 10233
981160 10233
981200 10233
981240 10233
981280 10233
981320 10233
981360 10233
981400 10233
981440 10233
981480 10233
981520 10233
981560 10232
981600 10232
981640 10233
981680 10233
981720 10233
981760 10233
981800 10234
981840 10233
981880 10233
981920 10233
981960 10233
982000 10233
982040 10233
982080 10234
982120 10234
982160 10234
982200 10234
982240 10233
982280 10233
982320 10233
982360 10233
982400 10233
982440 10232
982480 10233
982520 10233
982560 10233
982600 10233
982640 10233
982680 10233
982720 10233
982760 10233
982800 10233
982840 10233
982880 10232
982920 10233
982960 10232
983000 10232
983040 10231
983080 10231
983120 10232
983160 10232
983200 10232
983240 10232
983280 10232
983320 10232
983360 10232
983400 10232
983440 10232
983480 10232
983520 10232
983560 10232
983600 10232
983640 10232
983680 10233
983720 10233
983760 10232
983800 10232
983840 10232
983880 10232
983920 10232
983960 10232
984000 10232
984040 10233
984080 10232
984120 10232
984160 10232
984200 10232
984240 10232
984280 10232
984320 10232
984360 10232
984400 10232
984440 10232
984480 10232
984520 10232
984560 10232
984600 10232
984640 10233
984680 10232
984720 10232
984760 10232
984800 10232
984840 10232
984880 10232
984920 10232
984960 10232
985000 10232
985040 10232
985080 10232
985120 10232
985160 10232
985200 10232
985240 10232
985280 10232
985320 10232
985360 10232
985400 10231
985440 10231
985480 10231
985520 10232
985560 10232
985600 10232
985640 10232
985680 10232
985720 10232
985760 10231
985800 10232
985840 10231
985880 10231
985920 10231
985960 10231
986000 10231
986040 10231
986080 10231
986120 10231
986160 10232
986200 10231
986240 10232
986280 10231
986320 10231
986360 10231
986400 10231
986440 10231
986480 10231
986520 10231
986560 10231
986600 10231
986640 10231
986680 10231
986720 10231
986760 10231
986800 10232
986840 10231
986880 10232
986920 10232
986960 10232
987000 10232
987040 10232
987080 10232
987120 10232
987160 10231
987200 10232
987240 10232
987280 10232
987320 10232
987360 10231
987400 10231
987440 10230
987480 10230
987520 10230
987560 10230
987600 10231
987640 10230
987680 10231
987720 10231
987760 10231
987800 10232
987840 10232
987880 10232
987920 10232
987960 10232
988000 10232
988040 10232
988080 10232
988120 10231
988160 10231
988200 10231
988240 10231
988280 10231
988320 10231
988360 10231
988400 10231
988440 10231
988480 10230
988520 10231
988560 10230
988600 10230
988640 10230
988680 10230
988720 10230
988760 10231
988800 10231
988840 10231
988880 10231
988920 10231
988960 10231
989000 10230
989040 10230
989080 10231
989120 10231
989160 10231
989200 10231
989240 10230
989280 10231
989320 10230
989360 10231
989400 10230
989440 10230
989480 10230
989520 10230
989560 10230
989600 10230
989640 10230
989680 10230
989720 10231
989760 10231
989800 10230
989840 10230
989880 10230
989920 10230
989960 10230
990000 10230
990040 10230
990080 10230
990120 10230
990160 10230
990200 10230
990240 10230
990280 10230
990320 10230
990360 10230
990400 10230
990440 10230
990480 10230
990520 10230
990560 10230
990600 10231
990640 10230
990680 10230
990720 10230
990760 10230
990800 10230
990840 10230
990880 10230
990920 10230
990960 10230
991000 10230
991040 10230
991080 10230
991120 10230
991160 10230
991200 10230
991240 10230
991280 10230
991320 10230
991360 10230
991400 10230
991440 10230
991480 10230
991520 10230
991560 10229
991600 10230
991640 10230
991680 10230
991720 10230
991760 10230
991800 10229
991840 10229
991880 10229
991920 10230
991960 10230
992000 10230
992040 10230
992080 10230
992120 10230
992160 10230
992200 10230
992240 10230
992280 10230
992320 10229
992360 10229
992400 10229
992440 10229
992480 10229
992520 10229
992560 10229
992600 10230
992640 10229
992680 10229
992720 10229
992760 10229
992800 10229
992840 10229
992880 10229
992920 10229
992960 10230
993000 10230
993040 10230
993080 10230
993120 10230
993160 10230
993200 10229
993240 10229
993280 10230
993320 10229
993360 10230
993400 10230
993440 10229
993480 10229
993520 10229
993560 10229
993600 10229
993640 10230
993680 10229
993720 10229
993760 10229
993800 10230
993840 10229
993880 10229
993920 10229
993960 10229
994000 10229
994040 10228
994080 10228
994120 10228
994160 10228
994200 10228
994240 10228
994280 10228
994320 10228
994360 10229
994400 10229
994440 10229
994480 10229
994520 10229
994560 10229
994600 10229
994640 10229
994680 10229
994720 10228
994760 10228
994800 10229
994840 10229
994880 10229
994920 10229
994960 10230
995000 10229
995040 10229
995080 10229
995120 10229
995160 10229
995200 10229
995240 10229
995280 10230
995320 10230
995360 10230
995400 10230
995440 10230
995480 10229
995520 10229
995560 10229
995600 10229
995640 10229
995680 10229
995720 10228
995760 10228
995800 10229
995840 10229
995880 10228
995920 10228
995960 10228
996000 10228
996040 10228
996080 10228
996120 10228
996160 10228
996200 10228
996240 10228
996280 10228
996320 10228
996360 10228
996400 10229
996440 10228
996480 10228
996520 10228
996560 10228
996600 10228
996640 10228
996680 10228
996720 10228
996760 10228
996800 10228
996840 10228
996880 10228
996920 10228
996960 10229
997000 10229
997040 10229
997080 10229
997120 10228
997160 10229
997200 10229
997240 10228
997280 10228
997320 10228
997360 10229
997400 10229
997440 10229
997480 10228
997520 10228
997560 10228
997600 10227
997640 10228
997680 10228
997720 10227
997760 10227
997800 10227
997840 10227
997880 10227
997920 10228
997960 10228
998000 10228
998040 10228
998080 10228
998120 10228
998160 10228
998200 10228
998240 10228
998280 10227
998320 10227
998360 10228
998400 10228
998440 10227
998480 10227
998520 10227
998560 10227
998600 10228
998640 10229
998680 10229
998720 10229
998760 10229
998800 10228
998840 10228
998880 10228
998920 10228
998960 10228
999000 10228
999040 10228
999080 10227
999120 10227
999160 10227
999200 10227
999240 10227
999280 10227
999320 10227
999360 10227
999400 10227
999440 10228
999480 10228
999520 10228
999560 10228
999600 10228
999640 10227
999680 10227
999720 10227
999760 10227
999800 10227
999840 10227
999880 10227
999920 10226
999960 10226
